Difference from HDI value (%) (1990),Difference from HDI value (%) (1991),Difference from HDI value (%) (1992),Difference from HDI value (%) (1993),Difference from HDI value (%) (1994),Difference from HDI value (%) (1995),Difference from HDI value (%) (1996),Difference from HDI value (%) (1997),Difference from HDI value (%) (1998),Difference from HDI value (%) (1999),Difference from HDI value (%) (2000),Difference from HDI value (%) (2001),Difference from HDI value (%) (2002),Difference from HDI value (%) (2003),Difference from HDI value (%) (2004),Difference from HDI value (%) (2005),Difference from HDI value (%) (2006),Difference from HDI value (%) (2007),Difference from HDI value (%) (2008),Difference from HDI value (%) (2009),Difference from HDI value (%) (2010),Difference from HDI value (%) (2011),Difference from HDI value (%) (2012),Difference from HDI value (%) (2013),Difference from HDI value (%) (2014),Difference from HDI value (%) (2015),Difference from HDI value (%) (2016),Difference from HDI value (%) (2017),Difference from HDI value (%) (2018),Difference from HDI value (%) (2019),Difference from HDI value (%) (2020),Difference from HDI value (%) (2021)
1.098901099,1.075268817,1.045296167,1.01010101,1.02739726,0.967741935,0.940438871,0.92879257,0.925925926,0.903614458,1.194029851,1.18694362,1.104972376,1.329787234,1.020408163,1.0,0.733496333,0.70754717,0.697674419,0.909090909,1.116071429,1.315789474,1.072961373,1.054852321,1.043841336,0.836820084,0.831600832,0.829875519,0.82815735,0.819672131,0.82815735,0.836820084
,,,,,,,,,1.648351648,1.6,1.813471503,1.985111663,1.666666667,2.07852194,2.237136465,2.178649237,2.736842105,3.086419753,3.4,2.745098039,3.041825095,2.957486137,3.079710145,2.664298401,2.577319588,2.013422819,1.842546064,1.680672269,1.512605042,1.525423729,1.535836177
4.327666151,3.656597774,3.25732899,3.079416532,3.044871795,2.996845426,3.255813953,3.271028037,3.500761035,4.035874439,5.022156573,4.824561404,5.079825835,5.890804598,6.285714286,6.610407876,6.545961003,6.438356164,7.336956522,7.827260459,6.631299735,7.049608355,6.940874036,6.624203822,7.575757576,7.044025157,7.769423559,8.104738155,7.196029777,7.283950617,7.17884131,7.16080402
,,,,,,,,,,,,,,,,,,,,,,,,,,,,,,,
50.68681319,37.34776725,35.8490566,41.84491979,46.09271523,45.80052493,43.80704042,42.94954722,41.33504493,38.37357052,45.85427136,41.625,38.05970149,42.13759214,42.29828851,37.95620438,41.35429262,43.44163658,42.56594724,49.45978391,40.83832335,39.88095238,39.12529551,39.31924883,41.79278231,44.85549133,46.89655172,48.16053512,42.35423542,43.58695652,43.20175439,43.13940724
7.607192254,8.219178082,8.843537415,8.660351827,8.870967742,8.590604027,8.521970706,9.126984127,9.580052493,9.831824062,9.499358151,8.801020408,7.133757962,7.944514502,8.521303258,9.226932668,9.459459459,10.03671971,10.18181818,9.31076179,10.07194245,10.82045184,10.67615658,11.12426036,10.87470449,11.55660377,11.09799292,11.86839013,10.82352941,10.09389671,9.880952381,9.857482185
,2.773497689,2.588996764,1.136363636,2.258064516,2.232854864,2.056962025,2.340093604,2.599388379,2.587519026,2.567975831,2.702702703,3.402366864,3.644314869,3.890489914,3.818953324,4.576976422,5.420054201,6.199460916,5.263157895,4.021447721,4.4,4.370860927,4.210526316,4.45026178,4.438642298,4.967320261,4.817708333,4.280155642,4.11311054,4.227212682,4.216073781
,,,,,,,,,,,,,,,,,,,,,,,,,,,,,,,
28.09248555,27.79700115,28.07825086,28.63688431,29.43871707,29.138322,31.10859729,30.89064262,33.78226712,32.66219239,32.92410714,31.22222222,34.58980044,36.86534216,36.89427313,35.01646542,35.2297593,35.84699454,34.16757345,34.2019544,34.45287107,34.98920086,35.59139785,33.69214209,34.58646617,34.08360129,34.01069519,34.79188901,34.32518597,33.79383634,32.94614572,33.01787592
16.24242424,18.57659831,18.20359281,17.26190476,17.63313609,17.196702,18.52286049,18.08634772,18.0764774,18.8221709,18.48450057,18.26484018,18.8850967,18.61520999,18.96162528,20.24746907,19.70884658,19.53125,19.71046771,18.48552339,18.51441242,19.33701657,18.43267108,18.45303867,18.26182618,17.8021978,18.1420765,17.68558952,17.23009815,16.9749728,16.31982475,16.37554585
,,,,,4.745762712,4.576271186,4.545454545,5.132450331,4.87804878,5.305466238,5.221518987,5.763239875,5.99078341,6.525037936,6.398809524,7.369942197,6.373937677,8.100558659,7.063711911,6.877579092,7.68175583,8.174386921,9.041835358,8.859060403,7.887700535,8.133333333,8.366533865,7.661822985,7.752956636,7.671232877,7.651006711
1.379310345,1.369863014,1.384083045,1.153846154,1.379310345,1.398601399,1.060070671,1.045296167,1.360544218,1.013513514,1.346801347,1.337792642,1.286173633,1.253918495,1.212121212,1.183431953,1.388888889,1.344086022,1.295336788,1.265822785,1.234567901,1.219512195,1.201923077,1.187648456,1.17370892,1.168224299,1.162790698,0.934579439,0.934579439,0.928074246,0.938967136,0.938967136
21.44607843,21.97802198,21.91616766,20.82352941,22.26107226,22.42774566,23.42135476,22.26027397,24.71526196,24.14965986,24.80270575,24.26966292,24.21524664,24.13407821,25.66666667,25.72062084,24.19889503,24.44933921,24.55947137,21.0989011,21.49122807,21.5536105,20.76502732,20.74235808,20.30401737,20.12987013,20.06472492,22.12674544,22.40085745,21.9017094,20.79741379,20.81109925
1.949860724,1.923076923,1.89701897,2.133333333,1.842105263,2.07253886,2.046035806,2.01511335,1.741293532,1.711491443,1.923076923,2.102803738,2.064220183,2.257336343,2.222222222,1.969365427,2.586206897,2.542372881,2.5,2.469135802,2.642276423,2.404809619,2.357563851,2.5,2.290076336,2.268431002,2.264150943,2.075471698,2.075471698,2.075471698,1.908396947,1.904761905
,,,,,,,,,1.706484642,1.351351351,1.337792642,1.320132013,1.935483871,1.875,1.812688822,1.769911504,1.497005988,1.719197708,1.666666667,1.612903226,1.822916667,2.025316456,1.990049751,1.960784314,1.913875598,2.107728337,2.054794521,1.559020045,1.548672566,1.559020045,1.559020045
0.755667506,0.76142132,0.726392252,0.714285714,0.702576112,0.917431193,0.907029478,0.883002208,1.070663812,1.03950104,1.030927835,1.016260163,1.002004008,0.99009901,0.978473581,1.158301158,1.145038168,1.138519924,1.320754717,1.293900185,1.446654611,1.426024955,1.573426573,1.567944251,1.372212693,1.495016611,1.470588235,1.446945338,1.732283465,1.708074534,1.679389313,1.815431165
12.71929825,9.356725146,9.329446064,9.724238026,9.406657019,10.42857143,10.97046414,10.62322946,11.03351955,11.80555556,10.75862069,12.26158038,11.62162162,12.55006676,12.3015873,14.04199475,14.863103,15.11627907,15.2173913,13.24840764,11.64556962,12.0906801,14.78696742,12.17391304,12.76332094,13.72064277,13.72064277,13.86138614,11.37206428,11.35802469,10.97256858,10.94339623
31.67115903,32.43606999,31.24165554,33.90275953,34.68586387,35.75129534,36.24678663,37.69230769,39.87261146,35.74144487,33.70927318,25.74626866,28.23383085,28.03970223,28.23383085,30.3860523,28.23383085,32.09417596,32.17821782,27.54342432,26.85643564,26.20519159,26.80538556,29.49029126,28.91566265,27.50582751,26.70520231,29.34407365,26.62116041,26.30385488,25.9977195,26.05714286
,,,,,23.17541613,21.85514612,23.46938776,22.92993631,26.07052897,27.90988736,28.08988764,29.35323383,29.9378882,28.50061958,28.97657213,27.55227552,29.43349754,26.72413793,24.9382716,23.27586207,24.13793103,25.52147239,25.0,27.43902439,27.19512195,27.46051033,27.63636364,23.21644498,22.54901961,21.96319018,21.92118227
,,,,,,,,,,6.146926537,6.25,7.555555556,8.491947291,8.405797101,7.814761216,8.154506438,8.628005658,9.749303621,9.431345354,9.517241379,10.24590164,10.46979866,10.11984021,10.05291005,10.51248357,11.55844156,11.52849741,11.59793814,12.2605364,11.52368758,11.41025641
,,,,,7.511045655,6.851311953,6.213872832,7.317073171,7.560627675,7.02247191,7.681564246,8.321775312,9.452054795,9.299191375,5.733333333,6.167979003,7.761966365,7.918263091,6.114649682,8.860759494,8.531994981,7.692307692,8.415841584,8.497536946,7.512315271,7.257072571,7.466340269,7.82396088,7.343941248,7.063197026,7.054455446
13.99662732,11.33333333,12.17105263,12.37785016,12.13592233,10.64516129,10.59390048,11.04,11.66134185,11.37440758,12.8125,14.30793157,15.18404908,15.60606061,14.69265367,11.14457831,10.44117647,10.2189781,9.956709957,9.70042796,9.052333805,8.603667137,8.695652174,8.56741573,9.026798307,9.745762712,9.831460674,9.759547383,6.798866856,6.95035461,6.811594203,6.734992679
4.181818182,3.928571429,4.049295775,4.325259516,4.429301533,4.682274247,4.597701149,4.838709677,4.905063291,4.912836767,4.588607595,4.430379747,4.603174603,4.625199362,4.792332268,4.881889764,5.015673981,4.96124031,5.214723926,5.47112462,5.287009063,5.688622754,5.934718101,6.158357771,6.432748538,6.666666667,6.847360913,6.779661017,6.722689076,6.834030683,6.628242075,6.502890173
6.721311475,6.655844156,6.430868167,6.19047619,6.426332288,6.811145511,6.584992343,6.818181818,6.906906907,6.706408346,6.77466863,6.705539359,6.647398844,6.686046512,6.791907514,7.163323782,7.428571429,8.238636364,9.090909091,8.926080893,10.2351314,11.4010989,11.33879781,11.6,11.27320955,10.75697211,10.33112583,10.54018445,10.20942408,10.44386423,10.42216359,10.34482759
,,,,,,,,,,,,,,,,,,,,,,,,,,,,,,,
38.7012987,33.5483871,38.28425096,40.58524173,40.25316456,40.12578616,39.97493734,45.0563204,37.45318352,27.63320942,30.81683168,30.407911,30.13530135,30.07334963,34.54987835,36.12121212,35.26570048,44.01451028,46.85230024,45.28985507,45.16908213,50.12019231,52.02863962,52.38663484,53.64396655,52.63157895,51.85628743,55.63549161,49.39759036,56.62650602,56.74698795,56.81544029
,,,,,,,,,,,,,,,,,,,,12.39242685,11.84433164,12.37458194,12.87128713,14.58670989,15.94896332,17.0846395,17.46522411,15.95744681,16.98956781,16.91616766,16.96696697
10.58020478,8.503401361,7.849829352,9.183673469,9.169550173,9.262435678,8.576329331,8.703071672,8.361774744,7.155025554,7.692307692,8.020477816,9.777015437,14.74576271,10.42016807,8.609271523,9.385113269,8.702531646,12.46105919,9.582689335,8.181818182,8.22122571,8.753709199,8.151382824,8.620689655,8.974358974,9.957924264,10.24930748,9.217877095,8.786610879,8.555399719,8.658008658
1.775147929,1.201201201,1.567398119,1.253918495,1.246105919,0.92879257,0.940438871,0.931677019,1.230769231,0.911854103,1.215805471,1.204819277,1.201201201,1.201201201,1.18694362,0.877192982,0.869565217,0.854700855,1.117318436,1.098901099,1.075268817,1.049868766,1.030927835,1.086956522,1.081081081,1.041666667,1.023017903,1.005025126,0.740740741,0.729927007,0.737100737,0.742574257
28.37209302,26.62037037,26.95852535,26.90531178,27.86697248,28.08219178,27.07622298,29.54545455,29.69283276,29.97737557,31.68539326,29.8206278,29.53020134,31.21516165,32.51942286,29.01439646,29.21719956,28.85462555,27.69230769,25.96259626,27.99121844,29.18032787,28.12160695,28.16901408,27.35135135,27.64578834,27.69396552,28.24919441,28.08145766,27.64140875,26.63802363,26.6025641
19.85898942,22.03985932,21.14485981,19.86062718,20.39397451,21.15606936,20.0,21.25714286,24.31818182,23.19004525,22.9988726,23.14606742,22.58426966,22.5698324,21.64261931,23.20441989,23.74179431,23.15217391,22.89416847,22.22222222,22.71762208,23.11770944,21.9047619,21.72995781,20.27310924,19.18238994,19.87447699,18.59979101,17.3096976,17.56756757,17.25941423,17.25571726
4.815864023,4.755244755,5.117565698,5.446927374,5.67867036,6.043956044,6.666666667,6.85483871,7.076101469,6.754966887,7.601572739,7.03125,7.35483871,7.317073171,7.623888183,8.050314465,8.417085427,8.8639201,9.102091021,7.644882861,8.610086101,9.424724602,8.737864078,8.851674641,8.20451843,8.628841608,9.176470588,9.144196952,9.462616822,9.639953542,9.389671362,9.356725146
4.132231405,4.268292683,4.365079365,4.854368932,4.761904762,5.420560748,5.688073394,5.59566787,5.496453901,5.584642234,5.821917808,6.070826307,6.456953642,7.154471545,7.827476038,8.463949843,9.230769231,9.653092006,10.26785714,11.58357771,12.59044863,13.57142857,14.3864598,15.20223152,15.31034483,15.00682128,15.13513514,15.12717537,15.23178808,15.4855643,15.57591623,15.625
1.8735363,1.635514019,1.860465116,1.847575058,1.605504587,1.583710407,1.5625,1.754385965,1.735357918,1.74291939,1.969365427,1.973684211,1.982378855,1.766004415,1.978021978,1.754385965,1.746724891,1.735357918,1.50862069,1.70575693,1.691331924,1.694915254,1.677148847,1.863354037,1.792828685,1.949317739,2.290076336,2.059925094,1.84501845,1.818181818,1.814882033,1.818181818
1.10619469,0.890868597,1.121076233,0.911161731,0.688073394,0.689655172,0.921658986,0.91954023,0.917431193,0.915331808,0.904977376,0.869565217,0.867678959,0.854700855,0.843881857,0.842105263,0.838574423,1.022494888,1.006036217,0.988142292,0.974658869,0.959692898,0.938086304,0.922509225,1.08892922,1.071428571,1.063829787,1.050788091,1.213171577,1.200686106,1.211072664,1.215277778
1.554404145,1.302083333,1.315789474,1.333333333,1.347708895,1.072386059,1.075268817,1.069518717,1.078167116,1.086956522,1.063829787,1.069518717,1.058201058,1.041666667,1.025641026,1.265822785,1.246882793,0.985221675,1.201923077,1.187648456,0.932400932,0.913242009,1.363636364,1.34529148,1.318681319,1.295896328,1.271186441,1.052631579,1.25,1.244813278,1.252609603,1.252609603
3.256704981,2.89017341,3.281853282,3.3203125,3.353057199,3.018108652,3.225806452,3.004291845,2.658486708,2.244897959,2.036659878,2.012072435,2.0,2.0,1.98019802,1.734104046,1.691729323,2.251407129,2.218114603,2.166064982,1.604278075,2.127659574,1.739130435,2.24137931,2.037351443,2.203389831,2.04778157,1.896551724,1.557093426,1.403508772,1.219512195,1.22591944
4.918032787,4.846526656,5.095541401,5.354330709,5.625,5.426356589,5.206738132,5.151515152,5.263157895,4.67571644,4.654654655,4.347826087,4.328358209,4.431314623,4.39238653,4.74137931,4.871060172,4.929577465,5.027932961,4.986149584,5.23415978,5.593451569,5.722070845,5.898123324,6.133333333,5.968169761,5.797101449,5.519053876,5.373525557,5.598958333,5.555555556,5.45212766
,,,,,,,,,,,,,,,,,,,,,,,,,,,,,,,
,,,,,,,,,,,,,,,,,,,,,,,,,,,,,,,
6.96969697,6.184012066,6.676557864,7.478005865,7.445255474,6.222865412,6.060606061,5.857142857,6.382978723,6.779661017,6.056338028,6.153846154,5.95567867,5.777166437,5.737704918,6.216216216,6.961178046,7.53968254,7.843137255,7.282184655,8.160621762,8.439897698,8.269720102,9.090909091,8.793969849,8.395989975,9.090909091,9.16976456,7.768187423,7.936507937,7.843137255,7.787391842
8.529411765,8.456973294,7.634730539,6.980273141,7.012195122,6.828528073,7.313432836,7.270029674,6.342182891,6.423357664,5.772005772,5.571428571,5.66572238,5.462184874,5.357142857,4.723346829,4.993429698,5.161290323,5.867346939,5.612244898,5.641025641,5.662805663,5.821474774,5.461638492,5.447470817,6.080206986,5.943152455,5.648267009,5.491698595,5.710659898,5.633802817,5.628272251
20.53072626,20.86230876,28.65013774,25.62091503,28.31168831,26.80412371,24.71190781,25.47770701,27.20403023,33.75314861,30.11292346,28.48258706,32.23039216,40.60606061,34.21686747,34.77218225,37.2175981,38.08962264,35.12252042,28.65429234,26.95449242,23.22880372,21.27906977,18.81533101,19.30635838,19.40298507,22.12086659,22.77339346,20.1793722,21.51616499,20.91722595,20.98214286
,,,16.51131824,17.06036745,17.53246753,18.03069054,17.91613723,17.17171717,16.20603015,17.57425743,17.84841076,17.93939394,18.41155235,19.37799043,20.26066351,19.95305164,20.13969732,19.58285052,18.26589595,18.27586207,18.46330275,17.6201373,16.91259932,17.02367531,17.17171717,17.31843575,17.61426979,17.22595078,16.72240803,15.91928251,15.86051744
20.26537998,21.07784431,20.42755344,20.77464789,21.0955711,20.74159907,20.04608295,19.67963387,20.93287827,20.81447964,20.02249719,18.97321429,17.9800222,18.34254144,18.27133479,16.95842451,17.55725191,17.58957655,17.65980498,16.35969664,17.06263499,17.29323308,16.82743837,16.91648822,16.75560299,16.41791045,16.5781084,16.84322034,15.97883598,15.18987342,14.61864407,14.64968153
,,,,,5.982905983,6.285714286,5.949008499,8.732394366,7.222222222,6.925207756,7.008086253,6.084656085,6.18556701,5.555555556,4.691358025,4.807692308,4.929577465,5.069124424,6.741573034,6.768558952,7.021276596,8.368200837,9.937888199,9.631147541,9.53346856,6.653225806,7.014028056,7.312252964,7.6171875,7.647058824,7.662082515
,,,,,,,,,,,,,,,,,,,,,,,,,,,,,,,
17.0263789,18.37708831,17.12247325,17.53554502,18.56639248,19.08665105,21.22969838,19.79286536,23.28767123,23.36343115,22.15973003,21.89944134,22.76785714,22.30854606,23.06843267,22.50274424,23.40659341,22.39297475,21.63934426,18.70187019,18.07228916,18.46652268,17.83029001,17.7920686,16.84549356,16.02564103,16.01272534,15.99576271,16.45435244,15.96194503,15.31151003,15.29535865
3.639514731,3.602058319,3.878583474,3.833333333,3.953871499,4.567699837,4.677419355,4.944178628,4.739336493,4.6875,4.953560372,5.069124424,5.783866058,5.462822458,4.826546003,5.044510386,5.124450952,5.057803468,5.164992826,4.564907275,4.661016949,4.76858345,5.710306407,5.540166205,5.769230769,5.97826087,6.225165563,5.812417437,6.151832461,6.35538262,6.282722513,6.258148631
4.906937394,4.882154882,4.841402337,4.65890183,4.651162791,4.620462046,4.53808752,4.006410256,4.58135861,4.056162246,3.852080123,4.122137405,4.668674699,5.223880597,5.014749263,5.401459854,5.507246377,6.169296987,6.95035461,7.282913165,6.796116505,6.877579092,6.858710562,6.83994528,7.074829932,7.162162162,6.998654105,6.989247312,8.187919463,8.021390374,7.744565217,7.785234899
4.301075269,4.141104294,4.407294833,4.531722054,4.197901049,4.76900149,4.747774481,4.41826215,4.824561404,3.953147877,3.930131004,4.473304473,4.871060172,4.836415363,5.070422535,5.174825175,5.138888889,5.532503458,5.761316872,6.019151847,6.114130435,6.191117093,5.459387483,6.490066225,6.710526316,6.013071895,5.249343832,5.511811024,5.249343832,5.131578947,4.924760602,4.864864865
2.972027972,3.114186851,3.247863248,3.384094755,3.344481605,3.47107438,3.588907015,3.715670436,3.365384615,3.33863275,3.317535545,3.296703297,4.381846635,4.552590267,4.0625,3.888024883,4.018547141,4.122137405,4.374057315,4.341317365,4.592592593,4.41826215,4.941860465,4.755043228,4.864091559,4.957507082,5.189340813,5.270457698,5.349794239,5.442176871,5.313351499,5.335157319
,,,,,,,,,,,,3.051643192,3.203661327,3.146067416,2.89532294,2.649006623,2.625820569,2.232142857,2.407002188,2.375809935,2.079002079,2.057613169,2.277432712,1.992031873,2.070393375,2.049180328,2.066115702,1.622718053,1.818181818,1.821862348,1.829268293
12.68163804,13.08900524,13.34196891,12.16389245,12.67427123,13.06532663,12.46882793,12.25247525,13.40713407,14.1809291,14.18181818,14.81927711,15.70743405,16.72640382,16.82464455,17.88235294,18.22429907,18.06526807,16.27906977,13.70499419,12.55760369,12.1559633,10.64073227,11.25,11.42533937,11.58605174,11.2849162,10.81382386,10.76581576,10.24229075,9.56618465,9.502762431
,26.20027435,44.78442281,40.98591549,37.64044944,32.96551724,28.97574124,25.36327609,23.82198953,24.06209573,18.67852605,19.94981179,19.08302354,25.49019608,21.79176755,25.02979738,28.33530106,30.12895662,27.21962617,23.36448598,25.08710801,25.1435132,25.62929062,28.06818182,27.87258248,26.98412698,30.28248588,31.11612176,27.04826038,24.21875,23.20627803,23.14606742
,,,,,,,,,,0.348432056,0.332225914,0.323624595,0.319488818,0.305810398,0.289017341,0.275482094,0.263157895,0.253164557,0.248756219,0.242718447,0.236966825,0.23255814,0.22675737,0.222222222,0.434782609,0.425531915,0.416666667,0.408997955,0.401606426,0.401606426,0.401606426
20.63882064,20.41564792,20.24242424,19.66224367,21.40309156,21.01534829,21.8969555,21.20509849,23.59679267,25.7661748,25.14029181,26.11111111,27.54424779,28.99669239,28.8248337,27.51381215,30.3630363,30.73545554,30.48245614,26.24035281,26.78375412,26.12021858,24.80874317,24.7300216,24.59546926,23.01075269,24.06015038,23.34047109,23.61111111,22.68370607,22.28144989,22.23404255
,,,,,,,,,,,,,,,,,,,,,,,,,,,,,,,
13.27433628,14.0175219,13.64764268,12.85537701,13.00121507,13.16425121,13.08523409,12.88782816,13.5391924,13.69047619,13.15165877,13.2231405,12.97169811,13.04347826,13.17016317,14.3187067,14.13793103,14.54753723,14.54753723,13.41743119,13.45496009,13.50737798,13.83219955,13.86696731,13.34080717,13.11659193,12.96089385,12.91759465,11.76470588,11.49171271,11.02449889,11.07419712
,,,,,,,,,,,,,,,,,,,,,,,,,,,,,,,
9.672131148,8.455284553,9.268292683,8.885298869,7.544141252,7.336523126,7.619047619,7.413249211,8.28125,7.547169811,8.503937008,7.332293292,7.142857143,7.407407407,6.646058733,5.981595092,5.837173579,5.648854962,5.648854962,5.606060606,9.337349398,9.580838323,9.278350515,9.343065693,9.077809798,8.726752504,8.547008547,7.790368272,6.090651558,5.782792666,5.633802817,5.66572238
17.28855721,17.3053152,17.03431373,16.82926829,16.90821256,16.66666667,16.78657074,16.98337292,17.45283019,17.07602339,17.40139211,17.51152074,16.95303551,16.62870159,16.98537683,17.65363128,17.89709172,16.94537347,15.55555556,13.79690949,13.81578947,13.43612335,13.86138614,13.6659436,13.74458874,13.52813853,12.83710895,12.68817204,12.48654467,12.29946524,11.7965368,11.84068891
,,,,,,,,,,3.276353276,3.399433428,3.781512605,4.149377593,4.38957476,4.60704607,4.986522911,5.710491368,6.684491979,5.444887118,5.401844532,6.527415144,7.24450194,6.692406692,7.015306122,7.215189873,7.556675063,7.375,7.462686567,6.666666667,6.608478803,6.608478803
1.304347826,1.287553648,1.276595745,1.473684211,1.257861635,1.449275362,1.848049281,1.829268293,1.408450704,1.394422311,1.183431953,1.188118812,1.3671875,1.359223301,1.343570058,1.500938086,1.481481481,1.454545455,1.604278075,1.413427562,1.567944251,2.051282051,2.195945946,2.166666667,1.833333333,1.97693575,1.963993453,1.948051948,2.258064516,2.218700475,2.215189873,2.215189873
1.858736059,1.824817518,1.773049645,1.730103806,1.694915254,1.98019802,1.935483871,1.869158879,1.818181818,2.064896755,2.028985507,1.988636364,2.209944751,2.162162162,2.122015915,2.067183463,2.030456853,1.990049751,1.960784314,1.951219512,1.927710843,1.904761905,2.117647059,2.097902098,2.068965517,2.045454545,2.666666667,2.401746725,2.164502165,2.355460385,2.360515021,2.365591398
5.539358601,4.285714286,4.761904762,4.407713499,4.06504065,3.723404255,3.664921466,3.116883117,3.571428571,3.266331658,3.96039604,3.170731707,2.912621359,3.341288783,3.271028037,2.552204176,2.52293578,2.262443439,2.222222222,2.417582418,2.173913043,2.173913043,2.355460385,2.123142251,2.114164905,2.30125523,2.272727273,2.45398773,1.818181818,1.988071571,1.996007984,2.0
,,,,,,,,,,,,,,,,,,,,,,,,,,,,,,,
,,,,,,,,,,5.2734375,9.961685824,18.72659176,20.29795158,21.83486239,22.48201439,20.73813708,19.20415225,20.10309278,20.13651877,19.5164076,21.02564103,21.11486486,21.71717172,20.56856187,18.90547264,17.5787728,16.80532446,12.64559068,12.89256198,12.68781302,12.75167785
13.83399209,13.91417425,13.52405722,13.91417425,13.95348837,14.8005148,15.60102302,15.33586819,16.7709637,16.97877653,16.91358025,18.53658537,19.39759036,19.64071856,20.40332147,17.66081871,18.0764774,19.34731935,21.20509849,18.93764434,15.30494822,14.68208092,15.58891455,14.58094145,14.1069397,13.40909091,12.65678449,12.61363636,11.96388262,11.58605174,10.72234763,10.7102593
,,,,,,,,,,,,,,,,,,,,,,,,,,,,,,,
1.652892562,1.639344262,1.829268293,1.810865191,1.996007984,1.968503937,1.937984496,2.095238095,2.059925094,2.029520295,2.0,2.158273381,2.495543672,2.650176678,2.802101576,2.787456446,2.581755594,2.711864407,2.684563758,2.5,2.644628099,2.618657938,2.75974026,3.064516129,3.296703297,3.129890454,3.129890454,2.96875,4.0625,4.205607477,4.094488189,4.146730463
,,,,,,,,,,,,,,,,,,,,,,,,,,,,,,,
,,,,,,,,,,,,,,,,,,,,,,,,,,,,,,,
2.131782946,1.934235977,1.919385797,1.897533207,1.886792453,1.865671642,2.040816327,2.022058824,2.087286528,2.0,2.158273381,2.325581395,2.486678508,2.821869489,2.797202797,2.59965338,2.753872633,2.901023891,2.876480541,2.693602694,2.512562814,2.666666667,2.671118531,2.653399668,2.640264026,2.77324633,2.588996764,2.755267423,3.565640194,3.639240506,3.542673108,3.542673108
,,,,,7.443820225,7.596685083,9.289617486,9.973045822,10.01335113,9.090909091,10.14304291,11.06821107,13.15453384,12.81407035,13.96508728,14.79654747,15.21472393,15.05507956,13.35784314,12.18026797,13.19612591,10.96385542,10.7398568,10.10701546,10.43890866,10.96698113,10.91549296,10.86448598,11.03368177,10.99415205,10.95571096
2.097902098,2.07852194,1.83908046,1.376146789,1.152073733,1.126126126,1.333333333,1.318681319,1.304347826,1.502145923,1.489361702,1.483050847,1.680672269,1.659751037,1.461377871,1.428571429,1.417004049,1.402805611,1.391650099,1.377952756,1.385681293,1.3671875,1.353965184,1.343570058,1.523809524,1.323251418,1.315789474,1.484230056,1.293900185,1.289134438,1.296296296,1.308411215
11.11111111,11.46853147,10.08403361,10.52631579,10.94391245,10.20408163,10.39136302,10.94793057,11.11111111,11.40235911,10.86675291,11.12531969,11.25158028,11.52882206,12.60923845,14.26799007,12.77641278,11.750306,12.0291616,10.66666667,9.903381643,9.638554217,9.025270758,9.404761905,10.14319809,9.785202864,9.964412811,10.17751479,10.60070671,10.78546307,10.71849234,10.75650118
2.091254753,2.255639098,2.407407407,2.554744526,2.688172043,2.811950791,2.941176471,2.886247878,2.222222222,2.372881356,2.521008403,2.814569536,2.777777778,2.898550725,3.069466882,3.164556962,3.286384977,3.576982893,3.560371517,3.500761035,3.765060241,4.172876304,4.572271386,4.39238653,4.512372635,4.604316547,4.577968526,4.545454545,4.788732394,4.888268156,4.654442877,4.680851064
1.843317972,2.059496568,2.036199095,2.01793722,1.991150442,1.965065502,2.145922747,2.123142251,2.092050209,2.263374486,2.240325866,2.217741935,2.186878728,2.325581395,2.285714286,2.247191011,2.394106814,2.712477396,2.857142857,2.831858407,3.130434783,3.231292517,3.344481605,3.294892916,3.392568659,3.497615262,3.599374022,3.571428571,3.720930233,3.875968992,3.738317757,3.791469194
16.96065129,23.41857335,23.56857523,22.5,23.47600519,24.45302445,26.62420382,26.70025189,22.53012048,31.78016726,31.75914994,34.03508772,34.375,32.98969072,32.91713961,34.68468468,38.15937149,34.70982143,29.810901,24.46927374,18.69469027,17.40576497,17.82945736,17.73127753,18.05251641,19.02702703,21.20559742,20.55674518,23.26574173,28.45010616,27.88971368,27.83068783
6.15640599,6.451612903,6.379585327,6.309148265,6.40625,6.800618238,6.870229008,6.64652568,7.174887892,7.828655835,7.737226277,8.225108225,8.131241084,8.806818182,9.41011236,9.205020921,10.31636864,10.91405184,10.74829932,11.38211382,11.40939597,11.67108753,12.36979167,11.44343303,11.51358344,10.95360825,10.94147583,11.53358682,12.07115629,12.51596424,12.61261261,12.53229974
3.977272727,4.032258065,5.72519084,4.95412844,5.156537753,4.887218045,4.900181488,5.555555556,6.830122592,7.216494845,7.809847199,8.22147651,5.852842809,5.18134715,7.3089701,6.435643564,5.298013245,4.283360791,5.136436597,6.793048973,6.09375,6.163328197,6.363636364,6.896551724,6.417910448,6.074074074,7.216494845,7.445255474,8.959537572,9.626436782,9.278350515,9.329446064
38.47102343,33.94160584,40.2173913,41.37515078,37.24550898,36.8547419,35.56085919,36.04240283,39.65116279,38.51508121,33.86911596,31.74061433,29.23250564,30.3030303,33.96648045,43.39622642,48.61572536,47.30473047,42.68292683,34.33333333,33.92461197,35.74561404,40.93376764,41.65769645,41.68443497,42.64550265,46.51898734,49.16142558,39.52033368,35.41666667,33.96029258,33.99374348
18.93265565,20.42875158,20.8281054,21.39303483,17.57425743,17.87916153,19.92665037,20.12121212,20.76830732,20.57074911,22.63033175,20.87264151,21.19437939,19.18128655,17.83216783,17.20554273,17.96338673,17.62711864,17.62711864,15.97300337,17.33780761,18.39464883,18.81959911,17.80973451,17.73127753,19.03190319,17.85323111,18.5387132,19.15125136,19.65255157,19.08396947,19.04243743
14.52442159,15.19795658,15.20912548,13.96226415,14.30348259,14.81481481,14.70588235,14.92718447,16.04342581,16.64670659,16.2901308,16.25441696,16.76436108,16.8997669,16.87861272,17.16589862,17.5257732,16.98973774,15.03416856,12.98405467,13.26530612,12.88135593,11.55152888,10.88435374,10.41902605,10.430839,10.59751973,10.58558559,9.966405375,9.587513935,9.223847019,9.162011173
6.828528073,6.344410876,6.184012066,6.146926537,6.586826347,6.87593423,7.324364723,7.335329341,7.057057057,7.046476762,7.680722892,7.726597325,8.124076809,8.345752608,8.005822416,7.826086957,8.213256484,7.890961263,8.285714286,6.142857143,5.965909091,6.488011283,6.872370266,6.722689076,6.302521008,6.311360449,6.320224719,6.433566434,6.424581006,6.675938804,6.451612903,6.488011283
6.752411576,5.92,7.692307692,7.488299532,7.608695652,6.912442396,6.870229008,7.56429652,5.855855856,5.961251863,6.342182891,6.423357664,8.23699422,8.309455587,8.885754584,7.82122905,7.756232687,7.956104252,8.174386921,7.934336525,7.034482759,6.93481276,6.65742025,6.258692629,5.980528512,5.849582173,5.292479109,5.849582173,5.394190871,5.089408528,5.117565698,5.138888889
17.15976331,17.78563015,17.41176471,17.54385965,18.35075494,18.65585168,18.0875576,17.7956372,16.8771527,17.20183486,17.55986317,17.95454545,17.57369615,17.64705882,17.68018018,17.99775028,17.93721973,17.4301676,17.09497207,15.06696429,16.03563474,17.35261402,17.90055249,18.02197802,17.61487965,16.44880174,15.85233442,15.835141,15.38461538,14.82683983,14.40953413,14.37837838
,22.60479042,19.94002999,16.59125189,15.37290715,14.65648855,14.56752656,13.87631976,13.36336336,10.58122206,12.20588235,12.94964029,13.59773371,16.57381616,18.90410959,23.13937754,26.06382979,28.10026385,24.6701847,25.75558476,24.90221643,24.0,25.67049808,28.78787879,30.03754693,32.54658385,29.44099379,28.36004932,27.88697789,27.59462759,27.27272727,27.25030826
1.898734177,1.687763713,1.691331924,1.486199575,1.479915433,1.684210526,1.467505241,1.467505241,1.878914405,1.666666667,1.871101871,1.855670103,1.649484536,1.616161616,1.57480315,1.744186047,1.714285714,2.063789869,2.226345083,2.226345083,2.201834862,2.181818182,2.355072464,2.346570397,2.329749104,2.673796791,2.636203866,2.622377622,2.426343154,2.409638554,2.422145329,2.434782609
,3.955696203,5.144694534,4.433497537,3.214890017,2.896081772,2.861952862,2.985074627,3.448275862,3.084415584,3.05958132,3.015873016,3.803486529,4.84375,5.132192846,3.726708075,3.692307692,4.268292683,4.848484848,4.223227753,3.915662651,4.511278195,5.185185185,5.131964809,5.668604651,5.362318841,5.194805195,5.316091954,5.58739255,4.871060172,4.934687954,4.913294798
1.587301587,1.566579634,1.550387597,1.538461538,1.530612245,1.511335013,1.75,1.732673267,1.71990172,1.682692308,1.647058824,1.587301587,1.518438178,1.684210526,1.844262295,1.603206413,1.764705882,1.727447217,2.083333333,2.434456929,3.333333333,2.554744526,2.522522523,2.669039146,2.460456942,2.613240418,2.925989673,3.071672355,3.045685279,3.344481605,3.355704698,3.372681282
,,,,,,,,,,,,,,,,,,,,,,,,,,,,,,,
,,,,,,,,,,,,,,,,,,,,,,,,,,,,,,,
10.17639077,11.64658635,12.4668435,12.5819135,14.10090556,15.58109834,16.01513241,16.50124069,12.43781095,14.84662577,16.12121212,16.20648259,16.19047619,17.06161137,17.6056338,18.02325581,18.59122402,19.51779564,18.74285714,17.10376283,18.65168539,19.64285714,19.28651059,19.08990011,19.09492274,19.14191419,19.18859649,19.86899563,19.58650707,19.50162514,18.76355748,18.7027027
32.17270195,25.44117647,32.59587021,56.02836879,61.11869031,70.48748353,72.37851662,69.46564885,61.47021546,49.9364676,51.96950445,48.39948784,49.10714286,55.61160151,65.2446675,61.27819549,61.45181477,60.34912718,58.11648079,52.4691358,46.86346863,44.63414634,47.09443099,41.39194139,38.88213852,43.13253012,45.0180072,42.15568862,45.33492823,47.07985697,45.49878345,45.60770156
2.222222222,1.941747573,2.158273381,2.122641509,2.314814815,2.304147465,2.237136465,2.202643172,2.173913043,1.931330472,2.340425532,2.31092437,2.272727273,2.231237323,2.4,2.352941176,2.348336595,2.666666667,2.819548872,2.946593002,3.448275862,2.841918295,3.496503497,3.608247423,3.885135135,5.008347245,5.629139073,5.930807249,6.425041186,7.868852459,7.894736842,7.907742998
,,,,,,,,,,,,,,,9.362279512,9.673024523,8.909574468,10.78947368,12.38591917,12.33766234,12.45136187,12.07349081,11.5942029,10.66666667,10.0536193,9.690444145,9.733333333,8.933333333,8.590604027,8.539944904,8.498583569
,,,,,,,,,1.763224181,1.598173516,1.354401806,1.342281879,1.421800948,3.686635945,2.517162471,2.257336343,1.5625,1.766004415,1.754385965,1.739130435,1.724137931,1.70212766,1.684210526,1.694915254,1.902748414,1.882845188,1.871101871,1.449275362,1.446280992,1.458333333,1.455301455
10.21021021,12.40768095,10.42584435,11.69590643,11.61103048,10.51873199,10.30042918,9.659090909,9.773371105,9.026798307,9.129213483,8.519553073,8.659217877,8.839779006,8.891928865,9.659863946,8.930987821,8.636977058,10.12145749,11.11111111,10.96075778,9.710144928,13.08539945,12.4301676,14.87839771,10.58655222,10.05747126,11.20448179,13.01939058,13.29639889,12.80227596,12.81337047
,,,,,,,,,,,,,,,,,,,,,,,,,,,,,,,
,,,,,,,,,,,,,,,,,,,,,,,,,,,,,,,
0.943396226,1.092043682,1.384615385,1.367781155,1.508295626,1.501501502,1.636904762,1.622418879,1.610541728,1.591895803,1.744186047,1.739130435,1.873198847,2.00286123,1.903367496,1.971830986,2.240896359,2.503477051,2.635228849,2.244039271,2.442333786,3.360215054,3.195739015,2.116402116,3.289473684,3.534031414,2.868318123,4.150453956,2.706185567,2.827763496,2.692307692,2.685421995
,,,,,,,,,,,,,,,,,,,,,,,,,,,,,,,
,11.65980796,13.30532213,21.80774749,14.43001443,13.40941512,12.9707113,13.52459016,16.12903226,15.67065073,14.49086162,14.69072165,17.81170483,17.5,17.67614339,16.40146879,16.76792224,20.72289157,24.88095238,17.52085816,18.88361045,20.61248528,21.386604,21.54566745,22.53193961,20.53364269,21.08294931,22.03196347,21.47727273,22.39819005,22.41183163,22.4
39.69465649,41.33165829,41.625,40.24691358,38.94993895,33.13106796,31.85096154,31.82359952,32.86052009,39.83739837,37.15277778,36.93901036,38.5583524,43.069874,50.34013605,55.42986425,50.50847458,49.26719278,40.88888889,35.35911602,37.93859649,39.10186199,41.15720524,42.7795874,39.63282937,35.95628415,33.04442037,33.07943417,31.12798265,32.68608414,30.62770563,30.64516129
,12.65474553,20.25495751,14.05797101,11.79039301,10.34482759,10.12658228,10.11080332,12.41473397,11.66219839,11.37566138,10.82138201,11.95372751,12.19822109,13.14142678,15.22277228,16.3190184,19.3902439,17.6541717,14.04358354,14.44174757,15.28279182,17.28691477,16.48873072,17.96690307,16.47058824,17.19298246,17.3255814,17.66743649,17.33639495,17.10677382,17.03360371
2.460850112,2.428256071,2.625820569,2.375809935,2.736842105,2.719665272,2.857142857,2.834008097,2.994011976,2.935420744,2.687140115,3.007518797,2.95202952,3.079710145,3.214285714,4.05643739,4.188481675,4.30292599,4.421768707,4.713804714,4.809286899,4.885993485,4.967948718,4.881889764,4.658385093,4.434250765,4.236006051,4.47761194,4.437869822,4.545454545,4.565537555,4.538799414
,,,,,,,,,,,,,,,,,,,,,,,,,,,,,,,
,18.01242236,11.70886076,10.56782334,9.283387622,9.061488673,8.427876823,9.584664537,5.095541401,3.169572108,3.432137285,3.987730061,7.993966817,9.495548961,8.905109489,3.309352518,3.267045455,3.366058906,3.87275242,3.457814661,3.287671233,3.39673913,2.834008097,2.815013405,2.933333333,2.670226969,2.645502646,2.875816993,2.604166667,2.454780362,2.480417755,2.477183833
,,,,,,,,,1.146788991,1.128668172,0.88691796,0.894854586,1.094091904,1.075268817,1.066098081,1.052631579,1.037344398,1.224489796,1.014198783,1.016260163,1.012145749,1.008064516,1.002004008,0.996015936,0.992063492,0.99009901,0.986193294,0.788954635,0.784313725,0.798403194,0.798403194
,,,,,,,,,,,,,,,,,,,,,,,,,,,,,,,
6.64652568,6.927710843,7.346326837,7.174887892,7.715133531,6.379821958,6.754772394,7.122093023,7.75862069,7.692307692,7.898448519,8.005617978,7.92767733,7.862068966,8.082191781,8.321964529,8.502024291,8.613728129,8.590604027,7.785234899,7.908847185,8.244680851,8.026315789,7.763157895,7.591623037,7.421875,7.383419689,7.35483871,7.722007722,7.57381258,7.010582011,7.124010554
,,,,,,,,,,,,,,,,,,,,,,,,,,,,,,,
,,,,,10.90342679,10.92307692,9.923664122,12.85930408,12.25710015,12.59259259,12.37113402,13.17715959,13.6627907,14.26512968,13.59084406,10.89108911,10.97046414,11.36986301,10.09549795,9.214092141,10.66126856,10.22880215,9.733333333,9.668874172,9.317585302,10.29986962,9.314359638,8.472400513,8.545918367,8.26873385,8.181818182
1.265822785,1.224489796,1.204819277,1.167315175,1.136363636,1.111111111,1.444043321,1.038062284,1.337792642,1.286173633,1.261829653,1.215805471,1.183431953,1.714285714,1.680672269,1.639344262,1.6,1.832460733,1.538461538,1.763224181,1.732673267,1.711491443,1.71990172,1.474201474,1.686746988,1.442307692,1.90023753,1.877934272,2.325581395,2.309468822,2.341920375,2.336448598
30.82191781,26.60300136,28.08683853,28.38018742,29.42743009,27.57255937,26.98412698,28.32898172,29.89690722,28.33333333,28.36970475,31.15577889,32.375,30.2955665,26.66666667,26.68269231,24.42839952,23.8948626,22.82996433,24.0850059,27.87456446,29.52158693,26.85185185,25.3440367,23.95005675,24.52193476,24.69135802,24.4173141,20.65934066,21.63934426,21.51481888,21.56862745
1.201201201,1.166180758,1.123595506,0.826446281,1.08401084,1.069518717,1.049868766,1.038961039,0.765306122,0.748129676,0.731707317,0.714285714,0.697674419,0.909090909,0.888888889,0.869565217,0.85106383,1.041666667,1.075268817,1.19760479,1.176470588,1.343570058,1.31826742,1.289134438,1.627486438,1.423487544,1.398601399,1.379310345,1.355932203,1.505016722,1.5,1.367521368
,,,,,,,,,,,,,,,,,,,,,,,,,,,,,,,
10.01727116,15.30434783,13.82978723,11.0707804,9.54954955,10.89285714,11.34751773,9.79020979,10.2915952,9.813874788,8.528428094,9.031198686,8.752025932,7.448494453,9.119010819,7.294832827,6.278026906,7.794117647,8.538350217,8.920863309,8.416547789,11.00141044,15.04178273,17.3553719,14.12894376,12.43169399,11.86903138,13.66120219,16.15074024,24.93297587,24.56375839,24.62787551
1.260504202,1.25,0.854700855,1.255230126,0.826446281,0.809716599,1.158301158,1.102941176,1.060070671,1.013513514,0.99009901,1.265822785,1.234567901,1.18694362,1.44092219,1.120448179,1.098901099,1.061007958,1.291989664,1.265822785,1.492537313,1.474201474,1.694915254,1.405152225,1.847575058,1.818181818,1.805869074,1.797752809,1.10864745,1.096491228,1.103752759,1.121076233
3.778337531,3.482587065,3.649635036,3.78250591,3.448275862,2.947845805,3.340757238,2.888888889,2.832244009,3.010752688,3.010752688,3.004291845,3.191489362,3.157894737,3.086419753,3.06122449,2.6,2.605210421,2.605210421,2.559055118,2.549019608,2.330097087,2.676864245,2.448210923,2.420856611,2.573529412,2.402957486,2.385321101,3.776978417,4.262877442,4.136690647,4.136690647
,,,,,,,,,,,,,,,,,,,,,,,,,,,,,,,
0.99009901,0.970873786,0.940438871,1.22324159,0.920245399,0.817438692,1.086956522,0.81300813,0.81300813,0.8,1.069518717,1.052631579,1.03626943,1.017811705,1.0,0.985221675,0.963855422,0.709219858,0.923787529,0.898876404,0.877192982,0.863930886,1.063829787,1.046025105,0.821355236,0.814663951,0.803212851,0.792079208,0.784313725,0.770712909,0.775193798,0.78125
6.71875,7.716049383,8.231707317,9.351432881,9.687034277,10.89837997,11.17561684,11.28571429,8.819345661,8.74471086,10.67961165,10.38781163,10.08287293,10.79234973,11.15646259,11.06557377,11.27717391,11.78045515,12.03703704,11.94225722,12.87386216,13.97153946,14.61538462,14.77707006,14.52020202,14.30363864,14.57036115,15.1552795,15.24163569,15.43209877,15.26054591,15.19302615
,5.982905983,5.952380952,5.952380952,5.621805792,5.670103093,5.954465849,6.049822064,5.92459605,6.386861314,6.227106227,6.629834254,6.972477064,8.02919708,8.152173913,7.747747748,7.843137255,7.381370826,7.8125,8.43373494,8.205128205,8.108108108,8.818635607,8.183306056,7.890499195,8.280254777,7.436708861,8.188976378,6.918238994,6.729264476,6.63507109,6.666666667
2.314814815,2.293577982,2.252252252,2.202643172,2.155172414,2.100840336,1.646090535,1.612903226,1.953125,1.930501931,1.526717557,1.865671642,1.824817518,2.158273381,2.076124567,2.013422819,2.287581699,2.250803859,2.1875,2.140672783,2.366863905,2.312138728,2.259887006,2.209944751,2.162162162,2.127659574,2.088772846,2.307692308,2.005012531,1.97044335,1.995012469,2.0
,,,,,,,,,,,,,1.777777778,1.731601732,1.918976546,1.886792453,1.875,2.066115702,1.652892562,2.074688797,2.032520325,1.803607214,2.173913043,2.34375,2.131782946,2.303262956,1.901140684,2.071563089,2.230483271,2.056074766,2.056074766
2.448979592,2.4,2.772277228,2.362204724,2.53411306,2.681992337,2.819548872,2.95202952,2.573529412,2.683363148,2.650176678,2.802101576,3.304347826,3.460207612,3.264604811,3.231292517,3.204047218,3.338898164,3.47107438,3.135313531,2.931596091,3.376205788,3.497615262,3.627760252,3.276131045,3.400309119,3.36906585,3.338391502,3.172205438,3.162650602,3.058103976,2.99850075
20.07083825,20.42253521,20.86752638,20.35087719,22.13393871,22.55125285,22.78911565,22.53680634,23.7020316,24.21171171,23.96416573,24.58100559,23.65470852,24.049217,24.74916388,26.69632925,26.93156733,28.07017544,26.4254386,23.87732749,23.77317339,22.54584682,20.92772384,20.99031216,21.05263158,21.67381974,21.32904609,21.77161153,22.15122471,21.52704136,20.87326944,20.82890542
19.80906921,18.81656805,18.91891892,19.81351981,20.38946163,21.35476464,21.95676906,22.82485876,26.03351955,27.08102109,25.95837897,27.11306257,26.86403509,27.20348205,27.93959008,23.52309345,24.65314835,26.3326226,27.34042553,25.21367521,25.61105207,27.22457627,27.06131078,26.97576396,25.73529412,23.18992655,23.97905759,24.08759124,23.18087318,23.82934443,23.56621481,23.62122789
0.751879699,0.735294118,0.721153846,0.712589074,0.700934579,0.692840647,0.678733032,0.668151448,0.659340659,0.650759219,0.642398287,0.639658849,0.840336134,1.037344398,1.022494888,1.01010101,0.99009901,0.982318271,1.158301158,1.132075472,1.289134438,1.265822785,1.604278075,1.578947368,1.736111111,1.727115717,2.218430034,2.356902357,2.828618968,3.109656301,2.98013245,2.990033223
,,,,,,,,,,,,,,,,,,,,,,,,,,,,,,,
17.24565757,17.13933416,17.72616137,17.76710684,17.84869976,18.75732708,19.13652275,19.65317919,17.84897025,19.24829157,19.39120631,19.68680089,20.62430323,21.26245847,22.40618102,22.36842105,21.79627601,22.05240175,21.20218579,18.9336235,19.95661605,19.63123644,19.80519481,20.55974166,21.82795699,20.83780881,20.55674518,20.7486631,19.76495726,19.95731057,19.33760684,19.31696905
,,,,,,,,,,14.32624113,13.82681564,17.70401107,18.74145007,18.53856563,16.24161074,19.38911023,21.52230971,21.50259067,18.90166028,20.30456853,21.43757881,23.81546135,23.36217553,20.27027027,21.02065614,17.40696279,19.61492178,18.82494005,12.99165673,13.0592503,12.99019608
1.75,1.732673267,1.711491443,1.707317073,1.690821256,1.678657074,1.891252955,1.882352941,1.860465116,1.83908046,1.587301587,1.5625,1.762114537,1.731601732,1.894736842,1.859504132,2.028397566,2.204408818,2.208835341,1.992031873,1.98019802,1.968503937,1.949317739,1.930501931,2.087286528,2.059925094,2.218114603,2.578268877,2.385321101,2.380952381,2.394106814,2.389705882
4.185351271,4.761904762,5.309734513,5.255474453,5.531295488,5.652173913,6.025824964,6.40113798,6.61971831,6.013986014,6.65742025,5.922865014,6.412005457,6.648575305,6.594885599,6.675567423,6.631299735,7.47051114,8.604954368,8.322496749,8.667529107,8.472400513,9.426751592,9.367088608,9.068010076,8.375,6.832298137,7.151664612,8.5995086,8.323133415,8.114856429,8.074534161
2.898550725,2.88,2.88,3.020667727,3.286384977,3.70942813,3.533026114,3.658536585,3.463855422,3.417533432,3.402366864,3.50877193,3.357664234,3.216374269,3.47826087,4.081632653,3.907380608,4.428571429,4.802259887,4.500703235,5.103448276,5.191256831,5.39083558,5.333333333,5.562913907,5.665349144,5.620915033,5.584415584,5.541237113,5.641025641,5.380577428,5.380577428
2.173913043,2.170283806,2.155887231,2.310231023,2.298850575,2.450980392,2.419354839,2.56,2.380952381,2.369668246,2.369668246,2.507836991,2.480620155,2.769230769,2.891933029,2.73556231,2.579666161,2.710843373,2.994011976,2.848575712,2.818991098,3.092783505,3.211678832,3.323699422,4.310344828,4.441260745,4.714285714,4.829545455,4.929577465,5.013927577,4.929577465,5.007153076
,,,,,,,,,,,,,,,,,,,,,,,,,,,,,,,
2.432432432,2.631578947,2.557544757,2.469135802,2.625298329,2.364066194,2.790697674,2.777777778,2.068965517,1.576576577,1.565995526,1.77383592,1.758241758,2.169197397,1.952277657,1.716738197,1.918976546,2.092050209,2.066115702,2.448979592,2.605210421,2.976190476,3.118908382,2.895752896,2.626641651,2.218114603,2.376599634,2.355072464,3.249097473,3.035714286,3.035714286,3.046594982
13.54748603,14.1654979,13.09192201,13.26949384,12.95546559,13.13672922,13.90728477,14.09921671,13.65979381,13.79310345,13.74527112,13.01627034,12.65508685,12.94697904,13.22620519,12.7607362,13.53658537,14.54545455,15.04211793,14.13173653,14.50653983,15.58441558,14.55399061,13.90498262,13.87283237,14.17050691,14.56422018,14.85714286,14.70923603,14.415437,14.04109589,14.04109589
,,,,,,,,,,,,,,,,,,,,,,,,,,,,,,,
9.70042796,10.12658228,10.5914718,10.52631579,11.53846154,11.56373193,12.09362809,12.59640103,13.74045802,15.92356688,16.68773704,16.81304893,16.66666667,15.21197007,15.1552795,15.8808933,14.79654747,14.66992665,12.89537713,12.36363636,12.3039807,11.49700599,9.928229665,9.230769231,9.316037736,9.882352941,9.847596717,10.36088475,9.418604651,9.111880046,8.574739282,8.545034642
7.226890756,7.166666667,9.090909091,10.62091503,10.85899514,10.75441413,12.65822785,13.47962382,13.04347826,11.71032357,11.24807396,10.99236641,10.87613293,11.90839695,11.32930514,8.734939759,9.638554217,9.56651719,9.42562592,9.748892171,7.445255474,8.764367816,7.977207977,8.531468531,8.798882682,9.266943292,9.153952843,9.668508287,9.353507565,9.699453552,9.589041096,9.623430962
,,,,,,,,,,,,,,,,,,,,,,,,,,,,,,,
30.21108179,38.46153846,53.96825397,57.14285714,54.67532468,57.5483871,56.13810742,62.38993711,55.06883605,51.12219451,55.05617978,66.50062267,63.16440049,61.53846154,58.27250608,61.06408706,74.54545455,69.54436451,61.9047619,52.62529833,48.441247,50.0,51.62846803,44.96402878,48.51013111,47.75413712,48.11764706,47.58539458,43.61078546,45.28521537,42.62295082,42.57309942
10.95305832,9.433962264,8.983799705,8.676470588,8.504398827,9.011627907,8.946608947,8.477011494,8.0,6.920903955,6.853146853,7.756232687,7.270233196,7.786885246,8.625336927,8.597883598,9.220779221,9.796437659,11.04218362,8.776266996,8.921933086,10.27227723,9.689440994,9.135802469,9.124537608,9.963099631,9.926470588,9.963547995,10.0362757,10.33653846,10.19417476,10.10962241
,18.35357625,15.24725275,13.94366197,11.60458453,11.31805158,10.87570621,10.61452514,9.596662031,9.570041609,9.836065574,10.27027027,10.18766756,10.47745358,10.90670171,11.12565445,11.74193548,11.95928753,12.64222503,11.53358682,11.93467337,13.11881188,13.0702836,12.97429621,12.83618582,12.13592233,12.31884058,12.72509004,12.72294887,12.78106509,12.28915663,12.28710462
,,,,,1.048951049,1.013513514,1.324503311,0.970873786,1.234567901,1.176470588,1.142857143,1.08401084,1.038961039,0.985221675,0.947867299,0.904977376,0.877192982,1.070663812,1.041666667,1.226993865,1.006036217,1.185770751,1.181102362,0.974658869,0.970873786,1.145038168,1.140684411,0.946969697,0.936329588,0.939849624,0.936329588
18.87905605,22.6744186,24.06340058,25.32188841,23.57954545,18.89985896,18.6013986,16.52777778,16.23108666,16.30136986,19.26729986,19.89247312,20.66666667,20.65789474,22.5974026,21.53846154,24.14231258,23.80352645,24.43890274,25.52664188,27.08333333,24.39613527,27.35961768,26.98224852,30.16431925,33.52735739,29.51388889,28.8372093,26.82080925,27.14776632,27.01149425,27.08571429
,,,,,,,,,,,,,,,,,,,,,1.232032854,5.273833671,5.83501006,5.952380952,4.724409449,5.870841487,4.6692607,5.642023346,5.642023346,5.490196078,5.511811024
2.144772118,2.139037433,2.133333333,2.139037433,2.139037433,2.133333333,2.127659574,1.856763926,1.846965699,1.832460733,1.804123711,2.030456853,2.261306533,2.222222222,2.184466019,2.386634845,2.107728337,2.505694761,2.66075388,2.396514161,2.35042735,2.282157676,2.244897959,2.620967742,2.390438247,2.574257426,2.564102564,2.554027505,2.34375,2.339181287,2.339181287,2.348336595
26.82255846,28.9009498,32.35294118,36.27968338,39.48051948,38.63928113,39.41698352,45.38653367,37.40740741,34.75609756,38.5078219,38.29531813,35.11904762,29.23076923,27.49706228,33.48571429,31.89557321,36.41488162,39.34977578,38.4529148,31.75824176,29.07103825,32.17391304,37.37811484,32.00431034,33.44086022,31.47751606,30.80213904,27.87234043,29.16224814,29.1799787,29.1799787
,,,,,,,,,,,,,,,,,,,,,,,,,,,,,,,
1.282051282,0.983606557,0.983606557,0.961538462,0.961538462,0.955414013,1.282051282,0.977198697,0.983606557,0.996677741,0.943396226,0.906344411,1.152737752,1.120448179,1.098901099,0.806451613,0.785340314,1.007556675,0.97799511,0.952380952,0.93676815,1.154734411,1.118568233,1.307189542,1.301518438,1.103752759,1.312910284,1.502145923,1.063829787,1.041666667,1.052631579,1.048218029
2.666666667,2.985074627,3.102189781,3.405017921,3.345070423,3.460207612,3.747870528,3.852596315,4.132231405,4.269293924,4.213938412,4.36187399,4.47284345,4.595879556,4.245283019,4.368174727,4.643962848,5.069124424,4.441041348,4.134762634,4.248861912,4.387291982,4.518072289,4.497751124,4.504504505,4.790419162,4.470938897,4.302670623,3.529411765,3.513909224,3.422619048,3.407407407
,,,,,,,,,,,,,,,,,,,,,,,,,,,,,,,
,,,,,,,,,,,,,,,,,,,,,,,,,,,,,,,
,,,,,4.302670623,4.860088365,5.109489051,5.676855895,4.283604136,5.362318841,6.142857143,6.552706553,7.172995781,8.57538036,7.629427793,11.79624665,10.87533156,11.50326797,9.921671018,10.9517601,11.84041184,11.02564103,10.95541401,10.40609137,10.57934509,11.0,11.4713217,10.76732673,11.34401973,10.82089552,10.8478803
,,,,,,,,,,,,,,,,,,,,0.23255814,0.461893764,2.518891688,2.676399027,2.682926829,3.155339806,2.487562189,2.53164557,2.278481013,2.290076336,2.331606218,2.337662338
,,,,,,,,,,,,,,,,,,,,,,,,,,,,,,,
,,,,,,,,,,,,,,,,,,,,,,,,,,,,,,,
,13.33333333,13.68876081,16.69044223,15.18987342,15.83333333,16.30136986,16.2601626,15.24064171,14.30463576,11.27129751,11.55844156,11.42490372,11.35204082,12.34256927,12.95143213,13.1773399,14.09477521,14.80144404,13.80552221,14.28571429,14.33649289,14.20118343,14.1509434,14.25206125,14.68860165,15.22248244,14.95327103,13.62048894,13.45707657,12.95215869,12.97169811
,,,,,14.86842105,15.30479896,15.60102302,19.01763224,19.08866995,19.97563946,20.43010753,20.16509434,21.67832168,21.84971098,20.02301496,21.07061503,20.861678,22.2972973,19.72942503,19.1011236,19.39461883,18.29405163,17.55555556,16.85144124,16.50055371,17.58241758,17.41511501,16.57579062,16.72095548,16.21029573,16.23093682
12.71604938,12.79212792,12.80487805,12.14285714,12.69095182,12.90697674,14.17050691,13.87940842,15.43624161,15.23915462,15.81858407,15.7662624,16.15384615,16.17486339,15.77777778,18.9578714,19.09492274,19.38325991,18.45303867,14.71238938,17.14285714,17.34357849,17.12403952,16.41630901,16.89839572,16.75560299,16.93290735,16.79064825,15.81740977,15.41710665,15.18046709,15.20591341
,,,,,,,,,,,,,,,,,,,,,,,,,,,,,,,
,,,,,,,,,,,,,,,,,,,,,,,,,,,,,,,
3.558718861,4.232804233,4.188481675,4.703832753,4.679376083,4.317789292,4.12371134,3.760683761,4.258943782,3.924914676,3.747870528,4.362416107,3.316749585,3.902439024,4.146730463,3.4375,3.230769231,3.793626707,3.82848392,3.641881639,3.484848485,4.052098408,3.076923077,2.443280977,2.169981917,2.158273381,2.142857143,2.447552448,2.24137931,2.226027397,2.079722704,2.079722704
,,,,,,,,,,3.092783505,2.990033223,3.25732899,3.583061889,3.076923077,2.752293578,3.058103976,2.96735905,3.225806452,3.38028169,3.314917127,3.225806452,3.412073491,3.367875648,3.562340967,3.856041131,3.836317136,4.071246819,3.768844221,3.970223325,3.778337531,3.807106599
2.682926829,2.173913043,2.216748768,2.261306533,1.98019802,2.14797136,2.564102564,2.283105023,2.050113895,2.031602709,2.914798206,2.227171492,2.202643172,2.173913043,2.178649237,1.965065502,1.939655172,1.969365427,2.155172414,1.906779661,2.096436059,2.669404517,2.851323829,2.204408818,2.376237624,2.529182879,2.316602317,2.099236641,2.083333333,2.056074766,2.056074766,2.040816327
4.166666667,4.615384615,4.87394958,5.132450331,5.546492659,6.138933764,6.687898089,6.299212598,4.84375,4.79876161,5.053598775,5.271084337,5.621301775,5.96797671,6.599713056,6.515580737,6.601123596,6.767955801,6.877579092,6.849315068,7.462686567,7.940780619,8.1769437,8.567603748,8.097686375,7.938540333,7.770700637,7.974683544,8.176100629,8.333333333,8.104738155,8.125
,2.572347267,2.807017544,2.58302583,1.645338208,1.645338208,1.31826742,0.925925926,1.096892139,0.904159132,0.892857143,1.054481547,1.208981002,1.346801347,1.485148515,1.307189542,1.446945338,1.44,1.72143975,1.579778831,1.572327044,1.88976378,2.021772939,1.981707317,2.591463415,2.587519026,2.878787879,3.157894737,3.278688525,3.402366864,3.463855422,3.357664234
,,,,,,,,,,,,,,,11.36363636,10.44776119,11.43695015,11.83261183,10.41369472,10.82981716,11.52777778,12.24209078,12.60273973,12.94277929,13.10810811,12.66846361,12.41565452,14.74530831,15.49865229,15.24966262,15.16778523
,,,,,,,,,,,,,,,,,,,,,,,,,,,,,,,
,,,,,,,,,,,,,,,,,,,,,,,,,,,,,,,
,,,,,,,,,,,,,,,,,,,,,,,,,,,,,,,
4.340277778,4.647160069,4.761904762,4.882154882,4.801324503,4.582651391,4.838709677,4.625199362,5.007824726,5.384615385,5.927051672,6.165413534,5.970149254,5.908419498,6.259097525,5.763688761,5.571428571,5.949008499,6.329113924,6.433566434,6.805555556,6.371191136,6.077348066,6.189821183,6.301369863,6.548431105,6.648575305,6.486486486,6.056527591,6.174496644,5.970149254,6.019151847
6.166666667,6.78807947,6.721311475,7.293354943,6.310679612,7.04,7.266982622,7.644305772,7.82208589,7.175572519,7.462686567,6.231454006,6.432748538,6.811594203,7.194244604,8.428571429,9.154929577,10.46025105,10.12482663,9.340659341,10.54739653,11.81102362,11.44343303,11.63954944,11.61928307,11.99510404,11.30012151,11.52460984,11.79976162,11.63895487,11.52460984,11.575179
,,,,,,,,,,,,,,,,,,,,,,,,,,,,,,,
1.078167116,1.078167116,1.08401084,0.81300813,0.81300813,0.810810811,0.806451613,0.804289544,0.789473684,1.025641026,0.753768844,0.738916256,0.961538462,0.938967136,0.917431193,0.896860987,0.877192982,0.860215054,0.845665962,0.829875519,0.811359026,1.002004008,0.992063492,0.980392157,0.970873786,0.961538462,0.954198473,0.946969697,0.92936803,0.912408759,0.912408759,0.910746812
1.215805471,0.906344411,0.923076923,1.204819277,1.19047619,1.169590643,1.129943503,1.098901099,1.340482574,1.298701299,1.015228426,0.99009901,1.199040767,1.165501166,1.126126126,1.101321586,1.072961373,1.050420168,1.033057851,1.012145749,0.996015936,0.988142292,1.19047619,0.982318271,1.171875,1.160541586,0.963391137,0.961538462,0.957854406,0.952380952,0.954198473,0.952380952
,11.2033195,12.44755245,11.66429587,9.869375907,9.210526316,8.175182482,8.127721335,7.471264368,6.59025788,6.285714286,6.993006993,6.786703601,6.967213115,7.162162162,7.402422611,7.989347537,8.718626156,9.198423127,7.255936675,8.376963351,9.362808843,9.184993532,9.443725744,8.538163001,8.010335917,8.729139923,8.695652174,9.067688378,9.287531807,9.161290323,9.055627426
6.990014265,7.943262411,8.898305085,8.860759494,8.798882682,8.786610879,11.2033195,14.14965986,14.24731183,16.06425703,15.80345286,14.60526316,13.08900524,11.16883117,13.76623377,17.05729167,17.70833333,17.89883268,19.50904393,18.71794872,18.55146125,19.64735516,19.92481203,20.1242236,12.0049505,12.0838471,11.65644172,11.5995116,10.25641026,9.500609013,9.378806334,9.394313968
27.98165138,27.14776632,27.67653759,28.18181818,29.18552036,28.81355932,29.65050733,30.11235955,31.13101904,31.04611924,31.42536476,30.82959641,30.68309071,30.61452514,31.73719376,32.88888889,32.07964602,31.23620309,29.3598234,26.54185022,26.67398463,26.067908,25.65502183,25.62704471,25.78890098,25.32608696,24.8373102,24.78354978,25.56634304,25.37634409,24.13043478,24.21281216
,,,,,,,,,,5.766062603,5.863192182,5.958132045,5.901116427,5.993690852,5.477308294,5.745341615,5.640243902,5.766312595,5.413533835,5.052005944,5.441176471,5.531295488,5.627705628,5.58739255,5.278174037,5.641748942,5.314685315,5.416666667,5.371900826,5.270457698,5.364511692
,,,,,,,,,,,,,,,,,,,,,,,,,,,,,,,
7.738998483,7.922272048,8.740740741,8.875739645,8.740740741,9.42562592,8.24742268,8.905109489,9.912536443,10.26392962,8.918128655,9.869375907,9.585121602,8.513708514,7.920792079,8.737864078,7.923497268,9.212283044,9.259259259,11.11111111,11.52317881,10.89238845,12.51629726,13.82428941,13.11688312,16.55801825,11.36063408,11.42473118,7.588075881,6.93481276,6.618705036,6.657018813
1.244813278,1.21703854,1.388888889,1.359223301,1.520912548,1.669758813,1.636363636,1.964285714,2.108963093,2.076124567,2.210884354,2.508361204,3.289473684,3.889789303,4.0,4.423380727,4.524180967,4.62962963,4.747320061,5.167173252,5.128205128,5.239520958,5.05952381,4.881656805,5.882352941,6.140350877,5.23255814,5.346820809,5.451936872,5.974395448,5.915492958,5.832147937
,,,,,,,,,,,,,,,,,,,,,,,,,,,,,,,
,,,,,,,,,,,,,,,,,,,,,,,,,,,,,,,
2.088772846,1.813471503,2.046035806,1.763224181,2.005012531,1.95599022,1.909307876,1.8735363,2.068965517,2.040816327,2.0,2.173913043,2.35042735,2.31092437,2.48447205,2.658486708,2.834008097,2.81124498,2.794411178,2.964426877,2.549019608,2.161100196,2.34375,2.339181287,2.376237624,1.886792453,1.927194861,1.74291939,1.525054466,1.518438178,1.52173913,1.538461538
11.39240506,11.70046802,10.20092736,10.58282209,12.3100304,12.25416036,11.8902439,11.05990783,10.71428571,11.28526646,11.05845182,9.697933227,10.90047393,12.08267091,12.85714286,10.60126582,10.67503925,10.71428571,11.02603369,11.27819549,11.25925926,11.2244898,10.77586207,10.9375,10.39325843,9.636871508,9.596662031,9.583333333,9.366391185,9.375,9.078404402,9.116409537
1.699029126,1.470588235,1.470588235,1.93236715,1.703163017,1.937046005,2.173913043,1.937046005,1.459854015,1.452784504,1.196172249,1.411764706,1.382488479,1.785714286,1.74291939,1.483050847,1.859504132,1.616161616,1.383399209,1.541425819,1.512287335,1.872659176,2.372262774,2.346570397,1.97486535,1.779359431,1.773049645,1.76056338,1.573426573,1.391304348,1.403508772,1.415929204
3.143418468,2.9296875,2.81124498,2.647657841,2.880658436,2.51572327,2.731092437,2.754237288,1.931330472,1.969365427,1.769911504,2.040816327,2.212389381,2.050113895,1.793721973,1.785714286,1.769911504,1.762114537,1.54185022,1.646090535,2.34375,1.869158879,1.97486535,1.940035273,2.083333333,1.890034364,1.700680272,1.515151515,1.495016611,1.164725458,1.0,1.011804384
