Country,Year,Carbon dioxide emissions per capita (production) (tonnes)
afghanistan,2005,0.050802445
angola,2005,0.977996771
albania,2005,1.360271607
andorra,2005,7.293925216
united arab emirates,2005,24.95032393
argentina,2005,4.150733716
armenia,2005,1.467898402
antigua and barbuda,2005,4.587614313
australia,2005,19.20860479
austria,2005,9.579761681
azerbaijan,2005,4.015456857
burundi,2005,0.020895164
belgium,2005,11.91259676
benin,2005,0.311905515
burkina faso,2005,0.083601986
bangladesh,2005,0.270985458
bulgaria,2005,6.589898584
bahrain,2005,22.27271909
bahamas,2005,5.865006049
bosnia and herzegovina,2005,4.261511139
belarus,2005,6.392599608
belize,2005,1.484707541
bolivia,2005,1.2105318
brazil,2005,1.957646115
barbados,2005,4.774123037
brunei,2005,13.33693038
bhutan,2005,0.583393322
botswana,2005,2.27488747
central african republic,2005,0.05353134
canada,2005,17.90345939
switzerland,2005,6.198638222
chile,2005,3.764910734
china,2005,4.415884884
ivory coast,2005,0.408428139
cameroon,2005,0.202516042
the democratic republic of the congo,2005,0.026375398
congo,2005,0.274952212
colombia,2005,1.408272137
comoros,2005,0.23363913
cabo verde,2005,0.949567201
costa rica,2005,1.568871045
cuba,2005,2.170396664
cyprus,2005,7.740871999
czechia,2005,12.25156502
germany,2005,10.62093245
djibouti,2005,0.528602471
dominica,2005,2.024394736
denmark,2005,9.500061051
dominican republic,2005,1.972077957
algeria,2005,3.211875912
ecuador,2005,2.167642966
egypt,2005,2.185327073
eritrea,2005,0.272034936
spain,2005,8.398197756
estonia,2005,12.65535006
ethiopia,2005,0.064916038
finland,2005,10.84770715
fiji,2005,1.317301279
france,2005,6.79837429
micronesia,2005,1.139273903
gabon,2005,3.494231415
uk,2005,9.453996399
georgia,2005,1.191781421
ghana,2005,0.311850178
guinea,2005,0.20030559
gambia,2005,0.211240098
guinea-bissau,2005,0.158008223
equatorial guinea,2005,10.72504953
greece,2005,10.14994399
grenada,2005,2.065525841
guatemala,2005,0.924654407
guyana,2005,2.170437291
hong kong,2005,6.459874728
honduras,2005,0.915794843
croatia,2005,5.332387099
haiti,2005,0.187519956
hungary,2005,5.976420436
indonesia,2005,1.542222446
india,2005,1.033411591
ireland,2005,11.6284006
iran,2005,6.643976585
iraq,2005,4.188511643
iceland,2005,10.09020981
israel,2005,8.656755003
italy,2005,8.617862992
jamaica,2005,3.801638173
jordan,2005,3.54458789
japan,2005,10.05540525
kazakhstan,2005,13.10148858
kenya,2005,0.227670277
kyrgyzstan,2005,1.086546398
cambodia,2005,0.208959996
kiribati,2005,0.634974276
saint kitts and nevis,2005,4.222634825
south korea,2005,10.25776989
kuwait,2005,31.34783838
lao,2005,0.232453984
lebanon,2005,3.543528371
liberia,2005,0.203299073
libya,2005,9.827969235
saint lucia,2005,2.376619324
liechtenstein,2005,6.595511768
sri lanka,2005,0.610652716
lesotho,2005,1.007707977
lithuania,2005,4.221372211
luxembourg,2005,26.3999371
latvia,2005,3.46830563
morocco,2005,1.46642513
monaco,2005,1.46642513
moldova,2005,1.187100789
madagascar,2005,0.094160767
maldives,2005,1.880115642
mexico,2005,4.377079491
marshall islands,2005,2.055448985
north macedonia,2005,5.425931418
mali,2005,0.113858415
malta,2005,6.55944723
myanmar,2005,0.235518241
montenegro,2005,2.840404873
mongolia,2005,3.39361089
mozambique,2005,0.086352419
mauritania,2005,0.474936462
mauritius,2005,2.695492564
malawi,2005,0.071665091
malaysia,2005,7.058329598
namibia,2005,1.192785505
niger,2005,0.052011576
nigeria,2005,0.761587065
nicaragua,2005,0.78513392
netherlands,2005,10.8095981
norway,2005,9.364980818
nepal,2005,0.116017013
nauru,2005,6.324296883
new zealand,2005,9.081082519
oman,2005,11.73415162
pakistan,2005,0.840631508
panama,2005,2.09334707
peru,2005,1.325414764
philippines,2005,0.848782381
palau,2005,11.11369496
papua new guinea,2005,0.674698298
poland,2005,8.428294452
north korea,2005,3.134160667
portugal,2005,6.633985171
paraguay,2005,0.649010593
"palestine, state of",2005,0.765994934
qatar,2005,58.57310242
romania,2005,4.681226958
russian federation,2005,10.77174293
rwanda,2005,0.058168269
saudi arabia,2005,16.62125287
sudan,2005,0.32401476
senegal,2005,0.499444731
singapore,2005,8.549103579
solomon islands,2005,0.600381343
sierra leone,2005,0.075283087
el salvador,2005,1.040577001
san marino,2005,1.040577001
somalia,2005,0.056818013
serbia,2005,5.616171724
south sudan,2005,0.121021527
sao tome and principe,2005,0.488620199
suriname,2005,3.180409399
slovakia,2005,7.926077656
slovenia,2005,8.473685899
sweden,2005,5.961571801
eswatini,2005,0.984786222
seychelles,2005,4.298574136
syrian arab republic,2005,2.716688735
chad,2005,0.075845086
togo,2005,0.306790885
thailand,2005,3.408789222
tajikistan,2005,0.359314282
turkmenistan,2005,10.14433041
timor-leste,2005,0.17672979
tonga,2005,1.125613201
trinidad and tobago,2005,29.26651868
tunisia,2005,2.203354563
turkey,2005,3.8908292
tuvalu,2005,0.7328
tanzania,2005,0.139387657
uganda,2005,0.072888938
ukraine,2005,6.67760599
uruguay,2005,1.723973396
usa,2005,20.79544556
uzbekistan,2005,4.411121944
saint vincent and the grenadines,2005,2.024048465
venezuela,2005,6.197799243
viet nam,2005,1.129558562
vanuatu,2005,0.280119647
samoa,2005,0.937755596
yemen,2005,0.984433151
south africa,2005,8.686703828
zambia,2005,0.189140796
zimbabwe,2005,0.885879494
afghanistan,2006,0.061869518
angola,2006,1.09686395
albania,2006,1.254806937
andorra,2006,6.740582519
united arab emirates,2006,22.96858556
argentina,2006,4.444121715
armenia,2006,1.487878033
antigua and barbuda,2006,4.651770168
australia,2006,19.35539488
austria,2006,9.268958449
azerbaijan,2006,4.531626696
burundi,2006,0.024080394
belgium,2006,11.66573677
benin,2006,0.407830353
burkina faso,2006,0.09808972
bangladesh,2006,0.295833485
bulgaria,2006,6.800434857
bahrain,2006,20.2637054
bahamas,2006,5.600650086
bosnia and herzegovina,2006,4.617487964
belarus,2006,6.717966376
belize,2006,1.521784649
bolivia,2006,1.229074171
brazil,2006,1.960334714
barbados,2006,4.839320016
brunei,2006,12.79522934
bhutan,2006,0.569492402
botswana,2006,2.25120213
central african republic,2006,0.055164204
canada,2006,17.56185353
switzerland,2006,6.083903932
chile,2006,3.910195014
china,2006,4.848148444
ivory coast,2006,0.363179446
cameroon,2006,0.205913473
the democratic republic of the congo,2006,0.027434674
congo,2006,0.301056756
colombia,2006,1.43525955
comoros,2006,0.263207886
cabo verde,2006,1.007438668
costa rica,2006,1.612436289
cuba,2006,2.192740982
cyprus,2006,7.826442099
czechia,2006,12.28257511
germany,2006,10.7806113
djibouti,2006,0.516472577
dominica,2006,2.020701943
denmark,2006,10.91581155
dominican republic,2006,2.073169647
algeria,2006,2.978594395
ecuador,2006,2.055182503
egypt,2006,2.289719172
eritrea,2006,0.188112213
spain,2006,8.06425603
estonia,2006,12.22969653
ethiopia,2006,0.067757088
finland,2006,12.95863887
fiji,2006,1.452764323
france,2006,6.59678727
micronesia,2006,1.147469418
gabon,2006,2.897244489
uk,2006,9.331786355
georgia,2006,1.455156908
ghana,2006,0.409288953
guinea,2006,0.203128148
gambia,2006,0.221019262
guinea-bissau,2006,0.156927251
equatorial guinea,2006,9.060849259
greece,2006,10.05544098
grenada,2006,2.199784624
guatemala,2006,0.908903554
guyana,2006,2.022662502
hong kong,2006,6.162056312
honduras,2006,1.005527948
croatia,2006,5.389018932
haiti,2006,0.187484249
hungary,2006,5.931151363
indonesia,2006,1.511897033
india,2006,1.080874404
ireland,2006,11.25224346
iran,2006,7.138231354
iraq,2006,3.569092737
iceland,2006,10.51948485
israel,2006,9.302855401
italy,2006,8.487695093
jamaica,2006,4.203155162
jordan,2006,3.425897182
japan,2006,9.868672474
kazakhstan,2006,14.21942571
kenya,2006,0.247966528
kyrgyzstan,2006,1.057512886
cambodia,2006,0.222382009
kiribati,2006,0.699066173
saint kitts and nevis,2006,4.256955153
south korea,2006,10.32121614
kuwait,2006,30.91821448
lao,2006,0.300594895
lebanon,2006,3.107808325
liberia,2006,0.202068899
libya,2006,9.046536089
saint lucia,2006,2.48136122
liechtenstein,2006,6.607663712
sri lanka,2006,0.598726481
lesotho,2006,1.023749974
lithuania,2006,4.369553799
luxembourg,2006,25.60039518
latvia,2006,3.734720678
morocco,2006,1.501375619
monaco,2006,1.501375619
moldova,2006,1.213067665
madagascar,2006,0.08831442
maldives,2006,2.315969794
mexico,2006,4.430685404
marshall islands,2006,2.168128104
north macedonia,2006,5.251435803
mali,2006,0.116273275
malta,2006,6.560955681
myanmar,2006,0.259205433
montenegro,2006,3.338620399
mongolia,2006,3.675783241
mozambique,2006,0.090872391
mauritania,2006,0.456826138
mauritius,2006,2.953694724
malawi,2006,0.070657567
malaysia,2006,6.823355702
namibia,2006,1.18580624
niger,2006,0.048608697
nigeria,2006,0.686193777
nicaragua,2006,0.801285801
netherlands,2006,10.46820466
norway,2006,9.409813066
nepal,2006,0.094239035
nauru,2006,4.473748474
new zealand,2006,8.969040739
oman,2006,15.12993469
pakistan,2006,0.876259591
panama,2006,2.218378814
peru,2006,1.011730245
philippines,2006,0.756907531
palau,2006,11.6258956
papua new guinea,2006,0.647700919
poland,2006,8.794014775
north korea,2006,3.166602813
portugal,2006,6.158365448
paraguay,2006,0.661011644
"palestine, state of",2006,0.618279379
qatar,2006,61.79340987
romania,2006,4.859739935
russian federation,2006,11.20296669
rwanda,2006,0.056883869
saudi arabia,2006,17.60496949
sudan,2006,0.346906746
senegal,2006,0.388534166
singapore,2006,9.777706401
solomon islands,2006,0.60169037
sierra leone,2006,0.099311454
el salvador,2006,1.105010545
san marino,2006,1.105010545
somalia,2006,0.055144485
serbia,2006,6.65196502
south sudan,2006,0.126295526
sao tome and principe,2006,0.521223891
suriname,2006,3.440762327
slovakia,2006,7.882918636
slovenia,2006,8.564843715
sweden,2006,5.903872676
eswatini,2006,0.979546218
seychelles,2006,4.297299109
syrian arab republic,2006,2.772484637
chad,2006,0.075682377
togo,2006,0.260373286
thailand,2006,3.439019581
tajikistan,2006,0.383556032
turkmenistan,2006,10.26436199
timor-leste,2006,0.176637493
tonga,2006,1.26088923
trinidad and tobago,2006,32.56231378
tunisia,2006,2.215599045
turkey,2006,4.096309878
tuvalu,2006,1.086166008
tanzania,2006,0.148675064
uganda,2006,0.083418864
ukraine,2006,7.137714948
uruguay,2006,1.98385097
usa,2006,20.32404942
uzbekistan,2006,4.453237553
saint vincent and the grenadines,2006,1.990552747
venezuela,2006,5.964955039
viet nam,2006,1.165546765
vanuatu,2006,0.22219527
samoa,2006,0.952088724
yemen,2006,1.019202475
south africa,2006,9.210715261
zambia,2006,0.183274936
zimbabwe,2006,0.852742189
afghanistan,2007,0.083710521
angola,2007,1.194779541
albania,2007,1.261998195
andorra,2007,6.514077693
united arab emirates,2007,21.60277187
argentina,2007,4.390799937
armenia,2007,1.739128656
antigua and barbuda,2007,4.840168519
australia,2007,19.21585818
austria,2007,8.91259851
azerbaijan,2007,3.491317241
burundi,2007,0.025631457
belgium,2007,11.26232195
benin,2007,0.464943376
burkina faso,2007,0.111619257
bangladesh,2007,0.298906404
bulgaria,2007,7.356844799
bahrain,2007,25.84285065
bahamas,2007,5.549380685
bosnia and herzegovina,2007,4.643979222
belarus,2007,6.677158361
belize,2007,1.592910292
bolivia,2007,1.324745599
brazil,2007,2.054237048
barbados,2007,4.889845712
brunei,2007,22.16206846
bhutan,2007,0.56159344
botswana,2007,2.254541422
central african republic,2007,0.054985576
canada,2007,18.05803407
switzerland,2007,5.754040543
chile,2007,4.276005213
china,2007,5.184727852
ivory coast,2007,0.340958698
cameroon,2007,0.304485538
the democratic republic of the congo,2007,0.029022979
congo,2007,0.312477506
colombia,2007,1.375908042
comoros,2007,0.165612045
cabo verde,2007,1.064349766
costa rica,2007,1.807348997
cuba,2007,2.15447846
cyprus,2007,7.992381404
czechia,2007,12.38780876
germany,2007,10.47794091
djibouti,2007,0.573169566
dominica,2007,2.587753372
denmark,2007,9.992100434
dominican republic,2007,2.140828523
algeria,2007,3.172710183
ecuador,2007,2.35619667
egypt,2007,2.376354952
eritrea,2007,0.188003748
spain,2007,8.112557693
estonia,2007,14.89381803
ethiopia,2007,0.072384843
finland,2007,12.60262161
fiji,2007,1.363804877
france,2007,6.391347026
micronesia,2007,1.262877714
gabon,2007,2.777176035
uk,2007,9.099909296
georgia,2007,1.527622552
ghana,2007,0.418865294
guinea,2007,0.206720583
gambia,2007,0.21449549
guinea-bissau,2007,0.163530264
equatorial guinea,2007,6.795653333
greece,2007,10.3047312
grenada,2007,2.264093545
guatemala,2007,0.886467892
guyana,2007,2.385481611
hong kong,2007,6.370219948
honduras,2007,1.050865222
croatia,2007,5.700108151
haiti,2007,0.186660219
hungary,2007,5.841253956
indonesia,2007,1.670818554
india,2007,1.147854401
ireland,2007,11.02142351
iran,2007,7.186498912
iraq,2007,2.191568073
iceland,2007,11.4557495
israel,2007,9.171696625
italy,2007,8.3509866
jamaica,2007,3.883063058
jordan,2007,3.426944917
japan,2007,10.14159122
kazakhstan,2007,14.49166303
kenya,2007,0.246491933
kyrgyzstan,2007,1.257408776
cambodia,2007,0.253736085
kiribati,2007,0.607332663
saint kitts and nevis,2007,4.524676629
south korea,2007,10.66398136
kuwait,2007,29.90204947
lao,2007,0.308732726
lebanon,2007,2.883387479
liberia,2007,0.181630897
libya,2007,8.3647166
saint lucia,2007,2.535328891
liechtenstein,2007,5.700088026
sri lanka,2007,0.612431864
lesotho,2007,1.043724917
lithuania,2007,4.855537622
luxembourg,2007,23.82952739
latvia,2007,3.929413231
morocco,2007,1.569542204
monaco,2007,1.569542204
moldova,2007,1.20543246
madagascar,2007,0.088712653
maldives,2007,2.328467132
mexico,2007,4.394839185
marshall islands,2007,2.222618687
north macedonia,2007,4.54313057
mali,2007,0.130974964
malta,2007,6.714200249
myanmar,2007,0.257837962
montenegro,2007,3.317703836
mongolia,2007,4.656722517
mozambique,2007,0.100995159
mauritania,2007,0.511410244
mauritius,2007,2.987302748
malawi,2007,0.072660328
malaysia,2007,6.828326105
namibia,2007,1.175969866
niger,2007,0.04875523
nigeria,2007,0.64418351
nicaragua,2007,0.814070702
netherlands,2007,10.41283652
norway,2007,9.686396709
nepal,2007,0.09742413
nauru,2007,4.467384678
new zealand,2007,8.659792499
oman,2007,16.54760462
pakistan,2007,0.928713187
panama,2007,2.128052003
peru,2007,1.223627444
philippines,2007,0.791483905
palau,2007,13.19657584
papua new guinea,2007,0.898169557
poland,2007,8.779042909
north korea,2007,2.624339811
portugal,2007,5.906209724
paraguay,2007,0.673776642
"palestine, state of",2007,0.618401367
qatar,2007,51.62413393
romania,2007,4.818835658
russian federation,2007,11.19977542
rwanda,2007,0.0584639
saudi arabia,2007,15.34696386
sudan,2007,0.398777885
senegal,2007,0.416057732
singapore,2007,10.37830093
solomon islands,2007,0.610506937
sierra leone,2007,0.081358908
el salvador,2007,1.121161648
san marino,2007,1.121161648
somalia,2007,0.054892902
serbia,2007,6.543587456
south sudan,2007,0.141092049
sao tome and principe,2007,0.506746843
suriname,2007,3.435964952
slovakia,2007,7.590042181
slovenia,2007,8.605459521
sweden,2007,5.780918109
eswatini,2007,0.998031942
seychelles,2007,4.473847793
syrian arab republic,2007,3.306075071
chad,2007,0.078915521
togo,2007,0.25620068
thailand,2007,3.466348369
tajikistan,2007,0.456923385
turkmenistan,2007,11.47607431
timor-leste,2007,0.176767092
tonga,2007,1.107222585
trinidad and tobago,2007,34.57110736
tunisia,2007,2.298392019
turkey,2007,4.494515581
tuvalu,2007,1.075432932
tanzania,2007,0.14035402
uganda,2007,0.091906971
ukraine,2007,7.254484734
uruguay,2007,1.785098457
usa,2007,20.39531699
uzbekistan,2007,4.378403432
saint vincent and the grenadines,2007,2.160931827
venezuela,2007,5.502284421
viet nam,2007,1.174929531
vanuatu,2007,0.450754538
samoa,2007,0.986234248
yemen,2007,0.97352686
south africa,2007,9.462593251
zambia,2007,0.183500576
zimbabwe,2007,0.802485525
afghanistan,2008,0.151484676
angola,2008,1.174720223
albania,2008,1.422796584
andorra,2008,6.422575183
united arab emirates,2008,21.71803122
argentina,2008,4.693244738
armenia,2008,1.917308257
antigua and barbuda,2008,4.891272527
australia,2008,19.20343074
austria,2008,8.808010327
azerbaijan,2008,4.018398361
burundi,2008,0.02570113
belgium,2008,11.14981893
benin,2008,0.450619248
burkina faso,2008,0.118007655
bangladesh,2008,0.313926486
bulgaria,2008,7.187463409
bahrain,2008,26.62857368
bahamas,2008,5.575810126
bosnia and herzegovina,2008,5.316238492
belarus,2008,6.922702189
belize,2008,1.421079906
bolivia,2008,1.394205023
brazil,2008,2.148816446
barbados,2008,5.759325013
brunei,2008,23.6979503
bhutan,2008,0.597784736
botswana,2008,2.350703864
central african republic,2008,0.038583168
canada,2008,17.37876871
switzerland,2008,5.865807422
chile,2008,4.237138306
china,2008,5.538564727
ivory coast,2008,0.336205493
cameroon,2008,0.281831098
the democratic republic of the congo,2008,0.029969611
congo,2008,0.33154796
colombia,2008,1.506047625
comoros,2008,0.167247641
cabo verde,2008,0.975351571
costa rica,2008,1.790203053
cuba,2008,2.501412525
cyprus,2008,8.056950913
czechia,2008,11.7977901
germany,2008,10.54609473
djibouti,2008,0.610393969
dominica,2008,2.327925791
denmark,2008,9.316537792
dominican republic,2008,2.149676335
algeria,2008,3.139363411
ecuador,2008,2.034509563
egypt,2008,2.445675408
eritrea,2008,0.133656395
spain,2008,7.310097497
estonia,2008,13.33912406
ethiopia,2008,0.077398594
finland,2008,11.01929918
fiji,2008,1.039816126
france,2008,6.23688709
micronesia,2008,1.061587939
gabon,2008,2.741317318
uk,2008,8.761722586
georgia,2008,1.281497011
ghana,2008,0.378775517
guinea,2008,0.205045965
gambia,2008,0.216896498
guinea-bissau,2008,0.157000724
equatorial guinea,2008,7.108057246
greece,2008,10.06540668
grenada,2008,2.397397967
guatemala,2008,0.777728626
guyana,2008,2.286236119
hong kong,2008,6.217880246
honduras,2008,1.057216837
croatia,2008,5.421703078
haiti,2008,0.182510278
hungary,2008,5.729469778
indonesia,2008,1.555585298
india,2008,1.21833217
ireland,2008,10.7264658
iran,2008,7.413194987
iraq,2008,3.234137303
iceland,2008,12.26098258
israel,2008,9.682636085
italy,2008,8.127726725
jamaica,2008,3.87493907
jordan,2008,3.159928242
japan,2008,9.587106589
kazakhstan,2008,14.41610937
kenya,2008,0.249070284
kyrgyzstan,2008,1.436161781
cambodia,2008,0.279562547
kiribati,2008,0.667793967
saint kitts and nevis,2008,4.486458441
south korea,2008,10.85803645
kuwait,2008,30.98532422
lao,2008,0.352477913
lebanon,2008,3.655560711
liberia,2008,0.148137677
libya,2008,8.845177254
saint lucia,2008,2.499955885
liechtenstein,2008,6.187307942
sri lanka,2008,0.599845356
lesotho,2008,1.069432332
lithuania,2008,4.731758104
luxembourg,2008,23.03993572
latvia,2008,3.775689588
morocco,2008,1.628861587
monaco,2008,1.628861587
moldova,2008,1.261983359
madagascar,2008,0.089015698
maldives,2008,2.453676205
mexico,2008,4.448662134
marshall islands,2008,2.282906683
north macedonia,2008,4.496464735
mali,2008,0.138632467
malta,2008,6.70857235
myanmar,2008,0.194720002
montenegro,2008,4.192847486
mongolia,2008,4.565792443
mozambique,2008,0.097856064
mauritania,2008,0.538007268
mauritius,2008,3.039389572
malawi,2008,0.079211008
malaysia,2008,7.416109396
namibia,2008,1.631697069
niger,2008,0.052585066
nigeria,2008,0.630681026
nicaragua,2008,0.77027832
netherlands,2008,10.55413462
norway,2008,9.397782738
nepal,2008,0.125692927
nauru,2008,4.445253261
new zealand,2008,8.815318753
oman,2008,15.30740326
pakistan,2008,0.905081373
panama,2008,2.085942681
peru,2008,1.428816157
philippines,2008,0.850372156
palau,2008,10.96984602
papua new guinea,2008,0.686978486
poland,2008,8.615268234
north korea,2008,2.893010662
portugal,2008,5.674470809
paraguay,2008,0.703468471
"palestine, state of",2008,0.532012128
qatar,2008,44.72622358
romania,2008,4.732721359
russian federation,2008,11.42713594
rwanda,2008,0.055416884
saudi arabia,2008,16.69991368
sudan,2008,0.412394278
senegal,2008,0.39487031
singapore,2008,12.05501733
solomon islands,2008,0.611451049
sierra leone,2008,0.082436049
el salvador,2008,1.044511824
san marino,2008,1.044511824
somalia,2008,0.052723531
serbia,2008,5.714968141
south sudan,2008,0.141823126
sao tome and principe,2008,0.492473118
suriname,2008,3.742243141
slovakia,2008,7.662559213
slovenia,2008,9.020974251
sweden,2008,5.509359246
eswatini,2008,0.973670049
seychelles,2008,4.577496711
syrian arab republic,2008,3.236381002
chad,2008,0.082888425
togo,2008,0.250319721
thailand,2008,3.410042755
tajikistan,2008,0.401668255
turkmenistan,2008,11.48087015
timor-leste,2008,0.190936215
tonga,2008,1.169579895
trinidad and tobago,2008,33.54706138
tunisia,2008,2.336488218
turkey,2008,4.392606249
tuvalu,2008,1.065735893
tanzania,2008,0.141322404
uganda,2008,0.091338858
ukraine,2008,7.052465135
uruguay,2008,2.455406394
usa,2008,19.48715119
uzbekistan,2008,4.453573684
saint vincent and the grenadines,2008,2.028175251
venezuela,2008,6.104039133
viet nam,2008,1.314035427
vanuatu,2008,0.42395329
samoa,2008,0.87971931
yemen,2008,1.006082273
south africa,2008,9.936672489
zambia,2008,0.198699773
zimbabwe,2008,0.623609148
afghanistan,2009,0.237367297
angola,2009,1.224334013
albania,2009,1.430821164
andorra,2009,6.116524395
united arab emirates,2009,20.90336288
argentina,2009,4.420377371
armenia,2009,1.510789822
antigua and barbuda,2009,5.110783206
australia,2009,18.45083211
austria,2009,8.036965061
azerbaijan,2009,3.56958931
burundi,2009,0.020069857
belgium,2009,9.918268425
benin,2009,0.472290431
burkina faso,2009,0.120797052
bangladesh,2009,0.336804306
bulgaria,2009,6.130276351
bahrain,2009,23.70995615
bahamas,2009,5.575451082
bosnia and herzegovina,2009,5.497173668
belarus,2009,6.471283406
belize,2009,1.641861722
bolivia,2009,1.439526075
brazil,2009,2.010325546
barbados,2009,5.681527122
brunei,2009,20.17603267
bhutan,2009,0.544209764
botswana,2009,1.973587892
central african republic,2009,0.037167805
canada,2009,16.1977388
switzerland,2009,5.643644757
chile,2009,3.902627864
china,2009,5.79393916
ivory coast,2009,0.274902019
cameroon,2009,0.333199949
the democratic republic of the congo,2009,0.02712632
congo,2009,0.415907691
colombia,2009,1.621376814
comoros,2009,0.201365908
cabo verde,2009,1.069079522
costa rica,2009,1.713834461
cuba,2009,2.529352101
cyprus,2009,7.712167477
czechia,2009,10.98751878
germany,2009,9.768789629
djibouti,2009,0.553258366
dominica,2009,2.275479527
denmark,2009,8.833256007
dominican republic,2009,2.06549475
algeria,2009,3.401403882
ecuador,2009,2.199963938
egypt,2009,2.504100645
eritrea,2009,0.159398318
spain,2009,6.383905998
estonia,2009,10.84388928
ethiopia,2009,0.075713994
finland,2009,10.47056472
fiji,2009,0.911921578
france,2009,5.894053522
micronesia,2009,1.423258072
gabon,2009,2.697893084
uk,2009,7.860986465
georgia,2009,1.489406223
ghana,2009,0.310190667
guinea,2009,0.211802556
gambia,2009,0.21896489
guinea-bissau,2009,0.15802728
equatorial guinea,2009,5.998342944
greece,2009,9.522055845
grenada,2009,2.389851497
guatemala,2009,0.799230917
guyana,2009,2.55296783
hong kong,2009,6.004555903
honduras,2009,0.974030077
croatia,2009,5.023536924
haiti,2009,0.1927221
hungary,2009,5.168032055
indonesia,2009,1.68450403
india,2009,1.324449273
ireland,2009,9.384711706
iran,2009,7.665768248
iraq,2009,3.553940712
iceland,2009,11.79420493
israel,2009,8.881863424
italy,2009,7.186099462
jamaica,2009,2.83771908
jordan,2009,3.095298886
japan,2009,9.048354322
kazakhstan,2009,13.9070001
kenya,2009,0.292566644
kyrgyzstan,2009,1.262786543
cambodia,2009,0.323345256
kiribati,2009,0.544535817
saint kitts and nevis,2009,4.598860059
south korea,2009,10.9272086
kuwait,2009,30.82368413
lao,2009,0.433836975
lebanon,2009,4.354350049
liberia,2009,0.126354074
libya,2009,8.660179094
saint lucia,2009,2.467875578
liechtenstein,2009,5.747193999
sri lanka,2009,0.643257627
lesotho,2009,1.113846274
lithuania,2009,4.117842997
luxembourg,2009,21.42542097
latvia,2009,3.476385745
morocco,2009,1.592895531
monaco,2009,1.592895531
moldova,2009,1.107865786
madagascar,2009,0.082959322
maldives,2009,2.498655906
mexico,2009,4.231608143
marshall islands,2009,2.344888889
north macedonia,2009,4.152700843
mali,2009,0.129411185
malta,2009,6.153778866
myanmar,2009,0.202103997
montenegro,2009,2.699782804
mongolia,2009,4.889677447
mozambique,2009,0.106531159
mauritania,2009,0.577649202
mauritius,2009,2.98072896
malawi,2009,0.077363251
malaysia,2009,7.236798649
namibia,2009,1.468397593
niger,2009,0.060688123
nigeria,2009,0.485243042
nicaragua,2009,0.773662847
netherlands,2009,10.19696839
norway,2009,8.964027871
nepal,2009,0.153603311
nauru,2009,4.055136332
new zealand,2009,8.068420297
oman,2009,14.1346561
pakistan,2009,0.884319963
panama,2009,2.363842351
peru,2009,1.782315663
philippines,2009,0.827706508
palau,2009,10.82089144
papua new guinea,2009,0.712310645
poland,2009,8.261394294
north korea,2009,2.19280548
portugal,2009,5.396387948
paraguay,2009,0.735159082
"palestine, state of",2009,0.527709486
qatar,2009,41.44946977
romania,2009,3.951654015
russian federation,2009,10.6676483
rwanda,2009,0.057065637
saudi arabia,2009,17.49301538
sudan,2009,0.419991388
senegal,2009,0.426239497
singapore,2009,18.14068901
solomon islands,2009,0.618753409
sierra leone,2009,0.080024117
el salvador,2009,1.025141587
san marino,2009,1.025141587
somalia,2009,0.050968228
serbia,2009,5.086255592
south sudan,2009,0.141179549
sao tome and principe,2009,0.520821488
suriname,2009,3.812575151
slovakia,2009,6.967938142
slovenia,2009,7.953962132
sweden,2009,5.073741929
eswatini,2009,1.001355125
seychelles,2009,4.842184093
syrian arab republic,2009,2.903077841
chad,2009,0.081456577
togo,2009,0.43846942
thailand,2009,3.623226455
tajikistan,2009,0.331850912
turkmenistan,2009,10.01798339
timor-leste,2009,0.211463151
tonga,2009,1.26961209
trinidad and tobago,2009,33.47664146
tunisia,2009,2.310678992
turkey,2009,4.421668734
tuvalu,2009,1.054489639
tanzania,2009,0.133974607
uganda,2009,0.095501284
ukraine,2009,6.03193004
uruguay,2009,2.372408555
usa,2009,17.88466982
uzbekistan,2009,3.785855542
saint vincent and the grenadines,2009,2.571499811
venezuela,2009,6.049475422
viet nam,2009,1.417380963
vanuatu,2009,0.525131706
samoa,2009,0.913218752
yemen,2009,1.077052077
south africa,2009,9.950260327
zambia,2009,0.222494822
zimbabwe,2009,0.437160852
afghanistan,2010,0.287738705
angola,2010,1.235836444
albania,2010,1.508841688
andorra,2010,6.117538396
united arab emirates,2010,21.12537468
argentina,2010,4.566075714
armenia,2010,1.478007826
antigua and barbuda,2010,5.16131231
australia,2010,18.25949272
austria,2010,8.561324213
azerbaijan,2010,3.391423445
burundi,2010,0.034208577
belgium,2010,10.47138066
benin,2010,0.508671405
burkina faso,2010,0.130494821
bangladesh,2010,0.36585765
bulgaria,2010,6.445878577
bahrain,2010,23.43165224
bahamas,2010,5.357495027
bosnia and herzegovina,2010,5.706614434
belarus,2010,6.663585467
belize,2010,1.670294979
bolivia,2010,1.535140751
brazil,2010,2.249557114
barbados,2010,5.189078832
brunei,2010,20.74072549
bhutan,2010,0.677925552
botswana,2010,2.283372041
central african republic,2010,0.038420085
canada,2010,16.36438839
switzerland,2010,5.769147775
chile,2010,4.179390449
china,2010,6.294992606
ivory coast,2010,0.295325319
cameroon,2010,0.327511974
the democratic republic of the congo,2010,0.030386972
congo,2010,0.459036846
colombia,2010,1.686728125
comoros,2010,0.233756517
cabo verde,2010,1.130468848
costa rica,2010,1.636875958
cuba,2010,3.046526975
cyprus,2010,7.279806437
czechia,2010,11.16150516
germany,2010,10.30533212
djibouti,2010,0.614878874
dominica,2010,2.42966788
denmark,2010,8.851823742
dominican republic,2010,2.119983856
algeria,2010,3.274634073
ecuador,2010,2.319987247
egypt,2010,2.426758131
eritrea,2010,0.156868064
spain,2010,6.04872279
estonia,2010,14.25965449
ethiopia,2010,0.072306054
finland,2010,11.94670227
fiji,2010,1.397621357
france,2010,5.988844064
micronesia,2010,0.9968808
gabon,2010,2.945066312
uk,2010,8.062293539
georgia,2010,1.514479157
ghana,2010,0.391838147
guinea,2010,0.243735979
gambia,2010,0.241105824
guinea-bissau,2010,0.156416758
equatorial guinea,2010,7.21038448
greece,2010,8.942381161
grenada,2010,2.448768274
guatemala,2010,0.758536137
guyana,2010,2.517893456
hong kong,2010,5.750932593
honduras,2010,0.948653857
croatia,2010,4.856376779
haiti,2010,0.214768403
hungary,2010,5.244974248
indonesia,2010,1.868765758
india,2010,1.359404681
ireland,2010,9.176757633
iran,2010,7.724410822
iraq,2010,3.700688885
iceland,2010,11.31527684
israel,2010,9.295229285
italy,2010,7.351909253
jamaica,2010,2.731688051
jordan,2010,2.838971188
japan,2010,9.450707659
kazakhstan,2010,15.32504457
kenya,2010,0.279434002
kyrgyzstan,2010,1.164452013
cambodia,2010,0.356366996
kiribati,2010,0.569568723
saint kitts and nevis,2010,4.485066101
south korea,2010,12.02103652
kuwait,2010,29.83815549
lao,2010,0.480784233
lebanon,2010,4.03722062
liberia,2010,0.195448579
libya,2010,9.786398518
saint lucia,2010,2.799264727
liechtenstein,2010,5.300327832
sri lanka,2010,0.644120492
lesotho,2010,1.140169204
lithuania,2010,4.464123367
luxembourg,2010,22.06643578
latvia,2010,4.037169026
morocco,2010,1.680875186
monaco,2010,1.680875186
moldova,2010,1.182281996
madagascar,2010,0.08849432
maldives,2010,2.554643539
mexico,2010,4.064952718
marshall islands,2010,2.405173331
north macedonia,2010,4.105052249
mali,2010,0.13877673
malta,2010,6.226871018
myanmar,2010,0.258547204
montenegro,2010,3.879540267
mongolia,2010,5.081076629
mozambique,2010,0.111955962
mauritania,2010,0.560987581
mauritius,2010,3.135689989
malawi,2010,0.070503945
malaysia,2010,7.655095436
namibia,2010,1.456009182
niger,2010,0.07107618
nigeria,2010,0.708592648
nicaragua,2010,0.767127427
netherlands,2010,10.88164618
norway,2010,9.352873731
nepal,2010,0.178590388
nauru,2010,4.394602699
new zealand,2010,8.016202058
oman,2010,15.42528952
pakistan,2010,0.859108867
panama,2010,2.490496713
peru,2010,1.969616994
philippines,2010,0.882787513
palau,2010,11.63185742
papua new guinea,2010,0.637520763
poland,2010,8.737005307
north korea,2010,2.037685208
portugal,2010,5.003445621
paraguay,2010,0.803742626
"palestine, state of",2010,0.501401631
qatar,2010,38.74328176
romania,2010,3.807342604
russian federation,2010,11.2428294
rwanda,2010,0.05711532
saudi arabia,2010,18.87995319
sudan,2010,0.416777959
senegal,2010,0.541277795
singapore,2010,11.03447711
solomon islands,2010,0.624709914
sierra leone,2010,0.084523213
el salvador,2010,1.021786501
san marino,2010,1.021786501
somalia,2010,0.050805044
serbia,2010,5.08231666
south sudan,2010,0.138120501
sao tome and principe,2010,0.548469543
suriname,2010,4.527612255
slovakia,2010,7.107625899
slovenia,2010,8.041649517
sweden,2010,5.657662355
eswatini,2010,0.935927283
seychelles,2010,4.857775245
syrian arab republic,2010,2.842196259
chad,2010,0.083383422
togo,2010,0.40420893
thailand,2010,3.80094938
tajikistan,2010,0.336955924
turkmenistan,2010,11.22618613
timor-leste,2010,0.214444506
tonga,2010,1.127555632
trinidad and tobago,2010,35.35557435
tunisia,2010,2.548244309
turkey,2010,4.346648584
tuvalu,2010,1.043874644
tanzania,2010,0.156194877
uganda,2010,0.110077144
ukraine,2010,6.422032714
uruguay,2010,1.874809297
usa,2010,18.36755868
uzbekistan,2010,3.623801717
saint vincent and the grenadines,2010,2.030760704
venezuela,2010,6.472731658
viet nam,2010,1.575409806
vanuatu,2010,0.511872859
samoa,2010,0.985216377
yemen,2010,0.999816237
south africa,2010,9.116705941
zambia,2010,0.229332917
zimbabwe,2010,0.620449824
afghanistan,2011,0.401953514
angola,2011,1.252224289
albania,2011,1.717787934
andorra,2011,5.862657767
united arab emirates,2011,21.57104173
argentina,2011,4.604828112
armenia,2011,1.727388965
antigua and barbuda,2011,4.967227992
australia,2011,17.98490913
austria,2011,8.267426715
azerbaijan,2011,3.605369399
burundi,2011,0.039531586
belgium,2011,9.535781892
benin,2011,0.473499632
burkina faso,2011,0.132502893
bangladesh,2011,0.378877944
bulgaria,2011,7.20679257
bahrain,2011,22.2724858
bahamas,2011,5.879391954
bosnia and herzegovina,2011,6.490074908
belarus,2011,6.545598025
belize,2011,1.675342254
bolivia,2011,1.663808532
brazil,2011,2.342004844
barbados,2011,5.358903413
brunei,2011,24.24432546
bhutan,2011,0.962688483
botswana,2011,1.999004666
central african republic,2011,0.042289059
canada,2011,16.49924945
switzerland,2011,5.183437646
chile,2011,4.529785345
china,2011,6.922318956
ivory coast,2011,0.301607497
cameroon,2011,0.311904668
the democratic republic of the congo,2011,0.036543995
congo,2011,0.509642663
colombia,2011,1.666123992
comoros,2011,0.202244933
cabo verde,2011,1.233920743
costa rica,2011,1.577954737
cuba,2011,2.619201007
cyprus,2011,6.921916409
czechia,2011,10.89929633
germany,2011,10.00816987
djibouti,2011,0.553677399
dominica,2011,2.170032151
denmark,2011,7.919644319
dominican republic,2011,2.172367434
algeria,2011,3.267942657
ecuador,2011,2.453338008
egypt,2011,2.520152432
eritrea,2011,0.172941768
spain,2011,6.047235763
estonia,2011,14.37882849
ethiopia,2011,0.082122319
finland,2011,10.51320974
fiji,2011,1.23713155
france,2011,5.595103444
micronesia,2011,1.133397777
gabon,2011,2.926568663
uk,2011,7.332702726
georgia,2011,1.912390955
ghana,2011,0.442182423
guinea,2011,0.248942658
gambia,2011,0.241869289
guinea-bissau,2011,0.15471638
equatorial guinea,2011,9.590182124
greece,2011,8.731084149
grenada,2011,2.367317128
guatemala,2011,0.751719151
guyana,2011,2.606551884
hong kong,2011,6.158445121
honduras,2011,1.030071795
croatia,2011,4.788204491
haiti,2011,0.225032474
hungary,2011,5.072041537
indonesia,2011,2.059278165
india,2011,1.423776027
ireland,2011,8.298067677
iran,2011,7.735467711
iraq,2011,4.402694197
iceland,2011,10.82405387
israel,2011,9.161718155
italy,2011,7.120055025
jamaica,2011,2.92137559
jordan,2011,2.77231201
japan,2011,9.843395237
kazakhstan,2011,14.53307234
kenya,2011,0.299414469
kyrgyzstan,2011,1.368903004
cambodia,2011,0.357193378
kiribati,2011,0.524788022
saint kitts and nevis,2011,4.668230631
south korea,2011,12.54465724
kuwait,2011,27.22887193
lao,2011,0.499419699
lebanon,2011,3.89542459
liberia,2011,0.212005497
libya,2011,7.877211766
saint lucia,2011,2.77599918
liechtenstein,2011,4.869809605
sri lanka,2011,0.729769453
lesotho,2011,1.528654728
lithuania,2011,4.635397968
luxembourg,2011,21.37926121
latvia,2011,3.73073304
morocco,2011,1.673718688
monaco,2011,1.673718688
moldova,2011,1.212258198
madagascar,2011,0.109506237
maldives,2011,2.590362554
mexico,2011,4.184820611
marshall islands,2011,2.462896464
north macedonia,2011,4.437470537
mali,2011,0.146893988
malta,2011,6.168814069
myanmar,2011,0.295511231
montenegro,2011,3.849856862
mongolia,2011,7.734190598
mozambique,2011,0.128438275
mauritania,2011,0.586470252
mauritius,2011,3.130735045
malawi,2011,0.076205804
malaysia,2011,7.57369064
namibia,2011,1.289981258
niger,2011,0.07726077
nigeria,2011,0.795851717
nicaragua,2011,0.814139971
netherlands,2011,10.05313417
norway,2011,9.056994986
nepal,2011,0.19305342
nauru,2011,4.002383317
new zealand,2011,7.807086192
oman,2011,16.44848464
pakistan,2011,0.843566342
panama,2011,2.685267948
peru,2011,1.67180045
philippines,2011,0.876242086
palau,2011,12.18258664
papua new guinea,2011,0.699245296
poland,2011,8.731613228
north korea,2011,1.466595902
portugal,2011,4.902340535
paraguay,2011,0.820764082
"palestine, state of",2011,0.541250597
qatar,2011,39.12217424
romania,2011,4.231139951
russian federation,2011,11.58783401
rwanda,2011,0.062858175
saudi arabia,2011,17.60528639
sudan,2011,0.396521259
senegal,2011,0.599886035
singapore,2011,5.751157565
solomon islands,2011,0.636023349
sierra leone,2011,0.108303216
el salvador,2011,1.046506535
san marino,2011,1.046506535
somalia,2011,0.049440459
serbia,2011,5.461664619
south sudan,2011,0.13032644
sao tome and principe,2011,0.536125382
suriname,2011,4.073029771
slovakia,2011,7.025317544
slovenia,2011,7.96261079
sweden,2011,5.203212098
eswatini,2011,0.93989644
seychelles,2011,4.426281249
syrian arab republic,2011,2.740973678
chad,2011,0.0904701
togo,2011,0.379612134
thailand,2011,3.756194535
tajikistan,2011,0.304085347
turkmenistan,2011,12.01814427
timor-leste,2011,0.220536118
tonga,2011,0.990614318
trinidad and tobago,2011,34.93554003
tunisia,2011,2.376306568
turkey,2011,4.62237578
tuvalu,2011,1.033762814
tanzania,2011,0.169715436
uganda,2011,0.114231444
ukraine,2011,6.750413263
uruguay,2011,2.271519715
usa,2011,17.78067123
uzbekistan,2011,3.889448911
saint vincent and the grenadines,2011,1.995827025
venezuela,2011,6.090617814
viet nam,2011,1.701679438
vanuatu,2011,0.543574569
samoa,2011,1.016328033
yemen,2011,0.84805735
south africa,2011,9.113745729
zambia,2011,0.240487141
zimbabwe,2011,0.755681454
afghanistan,2012,0.327921976
angola,2012,1.346212079
albania,2012,1.601834668
andorra,2012,5.91201912
united arab emirates,2012,22.0473646
argentina,2012,4.591399834
armenia,2012,1.993007502
antigua and barbuda,2012,5.065867336
australia,2012,17.58062846
austria,2012,7.911256663
azerbaijan,2012,3.783007573
burundi,2012,0.041009138
belgium,2012,9.236138337
benin,2012,0.452501524
burkina faso,2012,0.158038743
bangladesh,2012,0.401913864
bulgaria,2012,6.59131173
bahrain,2012,20.78466457
bahamas,2012,6.358915684
bosnia and herzegovina,2012,6.139908992
belarus,2012,6.655399156
belize,2012,1.333343195
bolivia,2012,1.713187037
brazil,2012,2.500455385
barbados,2012,5.143090789
brunei,2012,23.79388905
bhutan,2012,1.101398128
botswana,2012,2.489120181
central african republic,2012,0.042946829
canada,2012,16.30096246
switzerland,2012,5.276540545
chile,2012,4.579425916
china,2012,7.062257329
ivory coast,2012,0.38702498
cameroon,2012,0.286680197
the democratic republic of the congo,2012,0.03413901
congo,2012,0.652853677
colombia,2012,1.730351766
comoros,2012,0.212593128
cabo verde,2012,0.993537661
costa rica,2012,1.548656143
cuba,2012,2.642064957
cyprus,2012,6.397714278
czechia,2012,10.51756151
germany,2012,10.05259086
djibouti,2012,0.561328454
dominica,2012,2.323398859
denmark,2012,7.100497014
dominican republic,2012,2.140265812
algeria,2012,3.426892784
ecuador,2012,2.401044171
egypt,2012,2.415099317
eritrea,2012,0.186012738
spain,2012,5.927449256
estonia,2012,13.48764585
ethiopia,2012,0.087447036
finland,2012,9.461029739
fiji,2012,1.204759389
france,2012,5.599557336
micronesia,2012,1.192084665
gabon,2012,2.877037084
uk,2012,7.55543189
georgia,2012,2.03040964
ghana,2012,0.550663648
guinea,2012,0.227365091
gambia,2012,0.23849706
guinea-bissau,2012,0.152955272
equatorial guinea,2012,8.897187815
greece,2012,8.480608471
grenada,2012,2.523500177
guatemala,2012,0.75685766
guyana,2012,2.594920036
hong kong,2012,6.065421022
honduras,2012,1.052427404
croatia,2012,4.443445554
haiti,2012,0.22087752
hungary,2012,4.740044917
indonesia,2012,2.099111633
india,2012,1.551285071
ireland,2012,8.298688555
iran,2012,7.979074311
iraq,2012,4.791933123
iceland,2012,10.73784285
israel,2012,9.820757898
italy,2012,6.737654713
jamaica,2012,2.784107142
jordan,2012,2.943623221
japan,2012,10.16954902
kazakhstan,2012,14.67546985
kenya,2012,0.27034422
kyrgyzstan,2012,1.778575972
cambodia,2012,0.368824936
kiribati,2012,0.482241233
saint kitts and nevis,2012,4.406759276
south korea,2012,12.56348126
kuwait,2012,29.88306743
lao,2012,0.527268862
lebanon,2012,4.032785251
liberia,2012,0.232768224
libya,2012,8.216476384
saint lucia,2012,2.77945722
liechtenstein,2012,5.059948109
sri lanka,2012,0.769415466
lesotho,2012,1.534694396
lithuania,2012,4.710232368
luxembourg,2012,20.4691659
latvia,2012,3.63428799
morocco,2012,1.713304595
monaco,2012,1.713304595
moldova,2012,1.169265088
madagascar,2012,0.12297148
maldives,2012,2.794805116
mexico,2012,4.231960571
marshall islands,2012,2.390288626
north macedonia,2012,4.211103815
mali,2012,0.152482907
malta,2012,6.544431247
myanmar,2012,0.231317705
montenegro,2012,3.535727124
mongolia,2012,12.40164435
mozambique,2012,0.119894634
mauritania,2012,0.628696998
mauritius,2012,3.162694816
malawi,2012,0.073532015
malaysia,2012,7.403729211
namibia,2012,1.528670488
niger,2012,0.098588328
nigeria,2012,0.695638575
nicaragua,2012,0.759896405
netherlands,2012,9.808359298
norway,2012,8.844151106
nepal,2012,0.202685055
nauru,2012,4.336094675
new zealand,2012,8.087333055
oman,2012,16.85752176
pakistan,2012,0.821636555
panama,2012,2.590577798
peru,2012,1.831476879
philippines,2012,0.909431091
palau,2012,12.67006803
papua new guinea,2012,0.652037655
poland,2012,8.546360529
north korea,2012,1.51468238
portugal,2012,4.748037014
paraguay,2012,0.805620109
"palestine, state of",2012,0.518298282
qatar,2012,42.03116199
romania,2012,4.146949873
russian federation,2012,11.66788658
rwanda,2012,0.068102585
saudi arabia,2012,19.31680438
sudan,2012,0.401690533
senegal,2012,0.549328786
singapore,2012,8.966424284
solomon islands,2012,0.625972237
sierra leone,2012,0.123906084
el salvador,2012,1.037508799
san marino,2012,1.037508799
somalia,2012,0.047832948
serbia,2012,4.89082185
south sudan,2012,0.131505454
sao tome and principe,2012,0.622332859
suriname,2012,4.868405251
slovakia,2012,6.633783259
slovenia,2012,7.647304943
sweden,2012,4.901479773
eswatini,2012,1.082936158
seychelles,2012,4.589700118
syrian arab republic,2012,2.310833835
chad,2012,0.048035355
togo,2012,0.327083329
thailand,2012,3.984138973
tajikistan,2012,0.372503043
turkmenistan,2012,12.25040339
timor-leste,2012,0.258712756
tonga,2012,1.034291443
trinidad and tobago,2012,33.87504192
tunisia,2012,2.425177021
turkey,2012,4.737591769
tuvalu,2012,1.023558991
tanzania,2012,0.192589085
uganda,2012,0.104951852
ukraine,2012,6.687589594
uruguay,2012,2.542723755
usa,2012,16.99984797
uzbekistan,2012,3.901303568
saint vincent and the grenadines,2012,2.12874072
venezuela,2012,6.206376201
viet nam,2012,1.587404707
vanuatu,2012,0.455232286
samoa,2012,0.9882119
yemen,2012,0.746462106
south africa,2012,8.728294533
zambia,2012,0.287988718
zimbabwe,2012,0.601052981
afghanistan,2013,0.261571351
angola,2013,1.277247837
albania,2013,1.697126858
andorra,2013,5.896947037
united arab emirates,2013,22.3301163
argentina,2013,4.505954707
armenia,2013,1.910209457
antigua and barbuda,2013,5.044582368
australia,2013,16.90699079
austria,2013,7.919250031
azerbaijan,2013,3.752045183
burundi,2013,0.041717805
belgium,2013,9.20319322
benin,2013,0.456390471
burkina faso,2013,0.167740647
bangladesh,2013,0.404432617
bulgaria,2013,5.854579533
bahrain,2013,23.57326232
bahamas,2013,7.36445615
bosnia and herzegovina,2013,6.1539443
belarus,2013,6.710591578
belize,2013,1.271799025
bolivia,2013,1.811157009
brazil,2013,2.648372595
barbados,2013,5.055294482
brunei,2013,18.86252198
bhutan,2013,1.200697795
botswana,2013,2.745681555
central african republic,2013,0.026360494
canada,2013,16.25368648
switzerland,2013,5.325730637
chile,2013,4.655884097
china,2013,7.150558948
ivory coast,2013,0.431302695
cameroon,2013,0.229665828
the democratic republic of the congo,2013,0.049573418
congo,2013,0.693957422
colombia,2013,1.880352145
comoros,2013,0.247065091
cabo verde,2013,0.966569483
costa rica,2013,1.609305737
cuba,2013,2.483797573
cyprus,2013,5.753733392
czechia,2013,10.06238775
germany,2013,10.24281224
djibouti,2013,0.630243872
dominica,2013,2.373267996
denmark,2013,7.404190563
dominican republic,2013,2.116491737
algeria,2013,3.472326643
ecuador,2013,2.505959902
egypt,2013,2.340931267
eritrea,2013,0.189187764
spain,2013,5.385107847
estonia,2013,14.96358776
ethiopia,2013,0.102541471
finland,2013,9.510621657
fiji,2013,1.269396771
france,2013,5.595823677
micronesia,2013,1.279855748
gabon,2013,2.899776619
uk,2013,7.346229345
georgia,2013,1.97823944
ghana,2013,0.532925781
guinea,2013,0.193751534
gambia,2013,0.22016976
guinea-bissau,2013,0.148939333
equatorial guinea,2013,10.75628035
greece,2013,7.610083329
grenada,2013,2.811407969
guatemala,2013,0.819681381
guyana,2013,2.50933444
hong kong,2013,6.250287426
honduras,2013,1.050187867
croatia,2013,4.310809667
haiti,2013,0.260194651
hungary,2013,4.432635887
indonesia,2013,1.970071266
india,2013,1.590310828
ireland,2013,8.079824553
iran,2013,7.978482665
iraq,2013,4.936416237
iceland,2013,10.64437157
israel,2013,8.16199066
italy,2013,6.146813784
jamaica,2013,2.970638525
jordan,2013,2.795310191
japan,2013,10.25095236
kazakhstan,2013,14.90232917
kenya,2013,0.280538342
kyrgyzstan,2013,1.68518398
cambodia,2013,0.371221666
kiribati,2013,0.475447215
saint kitts and nevis,2013,4.440603207
south korea,2013,12.62851217
kuwait,2013,23.16942379
lao,2013,0.651429746
lebanon,2013,3.748235674
liberia,2013,0.206652773
libya,2013,6.631600099
saint lucia,2013,2.745207393
liechtenstein,2013,5.211999783
sri lanka,2013,0.71040349
lesotho,2013,1.150586878
lithuania,2013,4.438382497
luxembourg,2013,19.02204364
latvia,2013,3.603205349
morocco,2013,1.678932811
monaco,2013,1.678932811
moldova,2013,1.202427434
madagascar,2013,0.140009769
maldives,2013,2.627330104
mexico,2013,4.124727847
marshall islands,2013,2.44529137
north macedonia,2013,3.743279962
mali,2013,0.166773517
malta,2013,5.735760329
myanmar,2013,0.249505964
montenegro,2013,3.433890268
mongolia,2013,15.11518358
mozambique,2013,0.13988241
mauritania,2013,0.535560763
mauritius,2013,3.239470724
malawi,2013,0.07343134
malaysia,2013,8.228580325
namibia,2013,1.149626507
niger,2013,0.102187164
nigeria,2013,0.710841091
nicaragua,2013,0.761473442
netherlands,2013,9.777337278
norway,2013,8.788147547
nepal,2013,0.231000773
nauru,2013,4.665687139
new zealand,2013,7.81334133
oman,2013,16.2765359
pakistan,2013,0.786625881
panama,2013,2.741097164
peru,2013,1.44631285
philippines,2013,0.968874213
palau,2013,12.90298762
papua new guinea,2013,0.68449408
poland,2013,8.454689799
north korea,2013,1.083599882
portugal,2013,4.600535032
paraguay,2013,0.794451725
"palestine, state of",2013,0.562267698
qatar,2013,35.39233082
romania,2013,3.712846157
russian federation,2013,11.22061086
rwanda,2013,0.072355108
saudi arabia,2013,17.99561221
sudan,2013,0.436320134
senegal,2013,0.569761894
singapore,2013,9.968650854
solomon islands,2013,0.65413347
sierra leone,2013,0.146795278
el salvador,2013,0.972619202
san marino,2013,0.972619202
somalia,2013,0.048241306
serbia,2013,4.994537445
south sudan,2013,0.139410441
sao tome and principe,2013,0.629454362
suriname,2013,5.014334239
slovakia,2013,6.549059571
slovenia,2013,7.32214957
sweden,2013,4.700137742
eswatini,2013,1.287766494
seychelles,2013,4.433106697
syrian arab republic,2013,1.748538866
chad,2013,0.049642852
togo,2013,0.236184854
thailand,2013,4.220408456
tajikistan,2013,0.360667905
turkmenistan,2013,12.36873362
timor-leste,2013,0.470192336
tonga,2013,1.116067919
trinidad and tobago,2013,33.41641409
tunisia,2013,2.452699734
turkey,2013,4.546835685
tuvalu,2013,1.012434374
tanzania,2013,0.204372123
uganda,2013,0.105184216
ukraine,2013,6.563687407
uruguay,2013,2.210510695
usa,2013,17.30166717
uzbekistan,2013,3.657319666
saint vincent and the grenadines,2013,2.023899394
venezuela,2013,6.964998536
viet nam,2013,1.64425166
vanuatu,2013,0.414051084
samoa,2013,1.018204889
yemen,2013,0.993207609
south africa,2013,8.49115936
zambia,2013,0.29586219
zimbabwe,2013,0.886589461
afghanistan,2014,0.232967187
angola,2014,1.235861225
albania,2014,1.940610537
andorra,2014,5.828083774
united arab emirates,2014,21.91483231
argentina,2014,4.42467432
armenia,2014,1.924214628
antigua and barbuda,2014,4.987575895
australia,2014,16.92009349
austria,2014,7.447394806
azerbaijan,2014,3.889761238
burundi,2014,0.038084987
belgium,2014,8.632537731
benin,2014,0.466226571
burkina faso,2014,0.165557548
bangladesh,2014,0.426997915
bulgaria,2014,6.240561573
bahrain,2014,23.06577101
bahamas,2014,6.554192422
bosnia and herzegovina,2014,5.546013116
belarus,2014,6.638099989
belize,2014,1.327207485
bolivia,2014,1.934961669
brazil,2014,2.751483094
barbados,2014,4.427966548
brunei,2014,21.78178437
bhutan,2014,1.319064606
botswana,2014,3.279776388
central african republic,2014,0.027906612
canada,2014,15.99814964
switzerland,2014,4.780793375
chile,2014,4.368150183
china,2014,7.135342533
ivory coast,2014,0.43001748
cameroon,2014,0.30199474
the democratic republic of the congo,2014,0.062777013
congo,2014,0.654911488
colombia,2014,1.888512905
comoros,2014,0.212301979
cabo verde,2014,0.940260983
costa rica,2014,1.615778968
cuba,2014,2.426995047
cyprus,2014,6.031233592
czechia,2014,9.828518414
germany,2014,9.730928443
djibouti,2014,0.432082075
dominica,2014,2.474080326
denmark,2014,6.628195776
dominican republic,2014,2.144634287
algeria,2014,3.661746681
ecuador,2014,2.708584088
egypt,2014,2.45141104
eritrea,2014,0.190671818
spain,2014,5.452740796
estonia,2014,14.34743599
ethiopia,2014,0.122499516
finland,2014,8.723881063
fiji,2014,1.435969406
france,2014,5.076611279
micronesia,2014,1.261750088
gabon,2014,2.822221043
uk,2014,6.703157681
georgia,2014,2.214054877
ghana,2014,0.541960904
guinea,2014,0.194189175
gambia,2014,0.253433476
guinea-bissau,2014,0.153707346
equatorial guinea,2014,9.960909829
greece,2014,7.3505979
grenada,2014,2.153312152
guatemala,2014,0.865728549
guyana,2014,2.583248186
hong kong,2014,6.376160355
honduras,2014,1.039462619
croatia,2014,4.15512869
haiti,2014,0.256384273
hungary,2014,4.454680275
indonesia,2014,1.955775342
india,2014,1.687136923
ireland,2014,7.977143816
iran,2014,8.285493064
iraq,2014,4.799228036
iceland,2014,10.52758115
israel,2014,7.684003477
italy,2014,5.786856464
jamaica,2014,2.677261865
jordan,2014,2.903408385
japan,2014,9.859890921
kazakhstan,2014,16.12658549
kenya,2014,0.294924706
kyrgyzstan,2014,1.727323933
cambodia,2014,0.425139856
kiribati,2014,0.535912461
saint kitts and nevis,2014,4.546224446
south korea,2014,12.46039675
kuwait,2014,20.4505301
lao,2014,0.670160169
lebanon,2014,3.831948793
liberia,2014,0.273310783
libya,2014,11.22132738
saint lucia,2014,2.712623951
liechtenstein,2014,4.330118475
sri lanka,2014,0.8509989
lesotho,2014,1.210309061
lithuania,2014,4.410807078
luxembourg,2014,17.73799133
latvia,2014,3.548304266
morocco,2014,1.672154394
monaco,2014,1.672154394
moldova,2014,1.168260378
madagascar,2014,0.134019288
maldives,2014,3.023803777
mexico,2014,3.99757624
marshall islands,2014,2.499169275
north macedonia,2014,3.590331003
mali,2014,0.183002293
malta,2014,5.691346058
myanmar,2014,0.309287398
montenegro,2014,3.362031134
mongolia,2014,10.06289565
mozambique,2014,0.300507594
mauritania,2014,0.635682043
mauritius,2014,3.345355926
malawi,2014,0.062653657
malaysia,2014,8.197537564
namibia,2014,1.617824751
niger,2014,0.10782644
nigeria,2014,0.72459878
nicaragua,2014,0.774264737
netherlands,2014,9.333312733
norway,2014,8.766175994
nepal,2014,0.28214176
nauru,2014,4.985518515
new zealand,2014,7.779132997
oman,2014,15.06642233
pakistan,2014,0.799995339
panama,2014,2.78249841
peru,2014,1.642841815
philippines,2014,1.006673336
palau,2014,12.47248383
papua new guinea,2014,0.761231349
poland,2014,8.145739808
north korea,2014,1.219002155
portugal,2014,4.603656787
paraguay,2014,0.827059398
"palestine, state of",2014,0.640354746
qatar,2014,36.76751526
romania,2014,3.772946901
russian federation,2014,11.21619178
rwanda,2014,0.07462898
saudi arabia,2014,19.70480774
sudan,2014,0.438278772
senegal,2014,0.615489287
singapore,2014,9.991483318
solomon islands,2014,0.561696126
sierra leone,2014,0.158212425
el salvador,2014,0.977136605
san marino,2014,0.977136605
somalia,2014,0.046948025
serbia,2014,4.179354031
south sudan,2014,0.144407137
sao tome and principe,2014,0.599048675
suriname,2014,5.076336637
slovakia,2014,6.187570262
slovenia,2014,6.549252039
sweden,2014,4.471245797
eswatini,2014,0.702672739
seychelles,2014,4.900068991
syrian arab republic,2014,1.648317907
chad,2014,0.072443021
togo,2014,0.216012889
thailand,2014,4.129947092
tajikistan,2014,0.557396472
turkmenistan,2014,12.44588689
timor-leste,2014,0.517928931
tonga,2014,1.124242784
trinidad and tobago,2014,34.01810848
tunisia,2014,2.521286561
turkey,2014,4.683141063
tuvalu,2014,0.667881881
tanzania,2014,0.198164308
uganda,2014,0.110797379
ukraine,2014,5.708265461
uruguay,2014,1.965718514
usa,2014,17.33061815
uzbekistan,2014,3.44940714
saint vincent and the grenadines,2014,2.322411148
venezuela,2014,6.214705551
viet nam,2014,1.842755524
vanuatu,2014,0.58316407
samoa,2014,1.048376608
yemen,2014,0.937739426
south africa,2014,8.811716431
zambia,2014,0.316666697
zimbabwe,2014,0.876275613
afghanistan,2015,0.229679525
angola,2015,1.205735928
albania,2015,1.555329452
andorra,2015,5.964928023
united arab emirates,2015,23.38178108
argentina,2015,4.466724129
armenia,2015,1.869492708
antigua and barbuda,2015,5.129854862
australia,2015,16.85069952
austria,2015,7.645373825
azerbaijan,2015,3.843892777
burundi,2015,0.038471343
belgium,2015,8.952519237
benin,2015,0.503557505
burkina faso,2015,0.182042319
bangladesh,2015,0.468955244
bulgaria,2015,6.705185645
bahrain,2015,23.66882409
bahamas,2015,5.708353153
bosnia and herzegovina,2015,5.383072823
belarus,2015,6.148416063
belize,2015,1.776506997
bolivia,2015,1.957518724
brazil,2015,2.58888062
barbados,2015,4.420939003
brunei,2015,16.7611055
bhutan,2015,1.325830224
botswana,2015,2.558051149
central african republic,2015,0.039958426
canada,2015,15.90658544
switzerland,2015,4.668199391
chile,2015,4.553558495
china,2015,7.000344465
ivory coast,2015,0.40495316
cameroon,2015,0.332478223
the democratic republic of the congo,2015,0.036628195
congo,2015,0.710776869
colombia,2015,1.935271658
comoros,2015,0.230942189
cabo verde,2015,0.935658027
costa rica,2015,1.527702028
cuba,2015,2.588217821
cyprus,2015,6.003867406
czechia,2015,9.891583156
germany,2015,9.727783167
djibouti,2015,0.489216001
dominica,2015,2.470674178
denmark,2015,6.188361303
dominican republic,2015,2.285093487
algeria,2015,3.76769044
ecuador,2015,2.514146911
egypt,2015,2.370849864
eritrea,2015,0.189788974
spain,2015,5.821362504
estonia,2015,12.05740026
ethiopia,2015,0.12588429
finland,2015,8.05059621
fiji,2015,1.490052692
france,2015,5.118603886
micronesia,2015,1.312273291
gabon,2015,2.705466898
uk,2015,6.412680895
georgia,2015,2.422106549
ghana,2015,0.578634112
guinea,2015,0.214414025
gambia,2015,0.251191355
guinea-bissau,2015,0.16029224
equatorial guinea,2015,9.271518645
greece,2015,7.032163043
grenada,2015,2.373561803
guatemala,2015,0.973540632
guyana,2015,2.610394146
hong kong,2015,5.899265739
honduras,2015,1.075616191
croatia,2015,4.209244121
haiti,2015,0.248767197
hungary,2015,4.767351921
indonesia,2015,2.134330639
india,2015,1.731529473
ireland,2015,8.315620349
iran,2015,8.008771316
iraq,2015,4.656619943
iceland,2015,10.70787269
israel,2015,7.893085032
italy,2015,5.964204062
jamaica,2015,2.765597344
jordan,2015,2.757890591
japan,2015,9.558894626
kazakhstan,2015,16.42283959
kenya,2015,0.340471315
kyrgyzstan,2015,1.724902045
cambodia,2015,0.549337059
kiribati,2015,0.49544758
saint kitts and nevis,2015,4.579809777
south korea,2015,12.49852306
kuwait,2015,23.81614724
lao,2015,1.369555762
lebanon,2015,3.93936453
liberia,2015,0.269149842
libya,2015,9.065229737
saint lucia,2015,2.679566339
liechtenstein,2015,4.259941286
sri lanka,2015,0.948453912
lesotho,2015,1.089061258
lithuania,2015,4.542989481
luxembourg,2015,16.49430692
latvia,2015,3.635277828
morocco,2015,1.689019459
monaco,2015,1.689019459
moldova,2015,1.1746874
madagascar,2015,0.133328723
maldives,2015,2.883395799
mexico,2015,3.955206712
marshall islands,2015,2.487856683
north macedonia,2015,3.377966343
mali,2015,0.187547545
malta,2015,4.015601106
myanmar,2015,0.419673411
montenegro,2015,3.570744996
mongolia,2015,7.751733485
mozambique,2015,0.233118835
mauritania,2015,0.722610602
mauritius,2015,3.342633645
malawi,2015,0.066872484
malaysia,2015,7.658953819
namibia,2015,1.663697501
niger,2015,0.10174154
nigeria,2015,0.626430378
nicaragua,2015,0.872584056
netherlands,2015,9.69388728
norway,2015,8.772584366
nepal,2015,0.252329897
nauru,2015,5.293267842
new zealand,2015,7.816892374
oman,2015,14.49527904
pakistan,2015,0.848690651
panama,2015,2.740994238
peru,2015,1.610292683
philippines,2015,1.09821636
palau,2015,11.61505802
papua new guinea,2015,0.784962582
poland,2015,8.240480859
north korea,2015,0.977666902
portugal,2015,5.043222399
paraguay,2015,0.904653877
"palestine, state of",2015,0.663367163
qatar,2015,35.13156202
romania,2015,3.832413015
russian federation,2015,11.19494542
rwanda,2015,0.080846535
saudi arabia,2015,21.27767468
sudan,2015,0.518279462
senegal,2015,0.675338868
singapore,2015,11.11028456
solomon islands,2015,0.486007713
sierra leone,2015,0.122101297
el salvador,2015,1.055362709
san marino,2015,1.055362709
somalia,2015,0.045676656
serbia,2015,4.928151287
south sudan,2015,0.178486473
sao tome and principe,2015,0.606271812
suriname,2015,4.833110671
slovakia,2015,6.330585467
slovenia,2015,6.577253079
sweden,2015,4.465214876
eswatini,2015,0.786535682
seychelles,2015,5.053591358
syrian arab republic,2015,1.564825335
chad,2015,0.049373626
togo,2015,0.254767137
thailand,2015,4.157602169
tajikistan,2015,0.62719215
turkmenistan,2015,12.61938513
timor-leste,2015,0.502297915
tonga,2015,1.199730108
trinidad and tobago,2015,32.92766403
tunisia,2015,2.618240924
turkey,2015,4.855912006
tuvalu,2015,0.660239661
tanzania,2015,0.206644443
uganda,2015,0.118392318
ukraine,2015,4.98250075
uruguay,2015,1.971126102
usa,2015,16.74083424
uzbekistan,2015,3.278808681
saint vincent and the grenadines,2015,2.148458973
venezuela,2015,5.987807457
viet nam,2015,2.082539807
vanuatu,2015,0.486482499
samoa,2015,1.1739263
yemen,2015,0.483295103
south africa,2015,8.135061467
zambia,2015,0.321045664
zimbabwe,2015,0.884989383
afghanistan,2016,0.190616791
angola,2016,1.088803397
albania,2016,1.556278015
andorra,2016,6.067376483
united arab emirates,2016,22.93208617
argentina,2016,4.389426792
armenia,2016,1.772052655
antigua and barbuda,2016,5.194071535
australia,2016,17.14339271
austria,2016,7.684141657
azerbaijan,2016,3.805930192
burundi,2016,0.044569053
belgium,2016,8.795878609
benin,2016,0.607088094
burkina faso,2016,0.181316919
bangladesh,2016,0.48410228
bulgaria,2016,6.362234204
bahrain,2016,22.00377054
bahamas,2016,5.235361046
bosnia and herzegovina,2016,6.418279013
belarus,2016,6.336402932
belize,2016,1.690770901
bolivia,2016,2.066341945
brazil,2016,2.390088781
barbados,2016,4.490615684
brunei,2016,17.97070033
bhutan,2016,1.569549944
botswana,2016,2.932275026
central african republic,2016,0.043603722
canada,2016,15.37992637
switzerland,2016,4.676955631
chile,2016,4.634613919
china,2016,6.874190136
ivory coast,2016,0.49524584
cameroon,2016,0.326632953
the democratic republic of the congo,2016,0.025563172
congo,2016,0.743305154
colombia,2016,1.935483121
comoros,2016,0.271722189
cabo verde,2016,1.014052633
costa rica,2016,1.617134535
cuba,2016,2.485870443
cyprus,2016,6.300702366
czechia,2016,10.04678752
germany,2016,9.741451444
djibouti,2016,0.429991217
dominica,2016,2.517845373
denmark,2016,6.480325401
dominican republic,2016,2.370187909
algeria,2016,3.67259156
ecuador,2016,2.395471598
egypt,2016,2.478876185
eritrea,2016,0.191147373
spain,2016,5.591568752
estonia,2016,13.34384091
ethiopia,2016,0.138483789
finland,2016,8.590699442
fiji,2016,1.443949386
france,2016,5.158359374
micronesia,2016,1.29655673
gabon,2016,2.709882547
uk,2016,6.023375325
georgia,2016,2.506867225
ghana,2016,0.580968048
guinea,2016,0.233787673
gambia,2016,0.247206319
guinea-bissau,2016,0.17061463
equatorial guinea,2016,9.371204266
greece,2016,6.723641651
grenada,2016,2.425789717
guatemala,2016,1.019895223
guyana,2016,3.040183155
hong kong,2016,5.989983906
honduras,2016,1.002395156
croatia,2016,4.296699949
haiti,2016,0.275194489
hungary,2016,4.826424758
indonesia,2016,2.144264261
india,2016,1.79855959
ireland,2016,8.551467179
iran,2016,8.010678047
iraq,2016,5.308878579
iceland,2016,10.49770323
israel,2016,7.549539184
italy,2016,5.902450354
jamaica,2016,2.808925359
jordan,2016,2.548133895
japan,2016,9.421471031
kazakhstan,2016,16.19019701
kenya,2016,0.349754607
kyrgyzstan,2016,1.588026992
cambodia,2016,0.668089872
kiribati,2016,0.488429135
saint kitts and nevis,2016,4.613268765
south korea,2016,12.53854951
kuwait,2016,25.48948349
lao,2016,2.162727587
lebanon,2016,3.946930431
liberia,2016,0.295958805
libya,2016,8.23841118
saint lucia,2016,2.706916856
liechtenstein,2016,3.971267725
sri lanka,2016,1.095424227
lesotho,2016,1.066538797
lithuania,2016,4.620466044
luxembourg,2016,15.6969879
latvia,2016,3.652142113
morocco,2016,1.664209675
monaco,2016,1.664209675
moldova,2016,1.206022908
madagascar,2016,0.13068015
maldives,2016,3.020533656
mexico,2016,3.914577835
marshall islands,2016,2.475101758
north macedonia,2016,3.358031242
mali,2016,0.185311322
malta,2016,3.222677524
myanmar,2016,0.479538196
montenegro,2016,3.212682379
mongolia,2016,8.286545712
mozambique,2016,0.293026165
mauritania,2016,0.608978
mauritius,2016,3.443712283
malawi,2016,0.075930263
malaysia,2016,8.16566483
namibia,2016,1.718034099
niger,2016,0.09929867
nigeria,2016,0.622827758
nicaragua,2016,0.853858217
netherlands,2016,9.712168595
norway,2016,8.531791111
nepal,2016,0.357988666
nauru,2016,4.89699284
new zealand,2016,7.362684887
oman,2016,13.46449013
pakistan,2016,1.016634212
panama,2016,2.614564296
peru,2016,1.704696548
philippines,2016,1.179170367
palau,2016,11.98928068
papua new guinea,2016,0.802187007
poland,2016,8.537729914
north korea,2016,1.162193351
portugal,2016,4.88674779
paraguay,2016,1.059742645
"palestine, state of",2016,0.697118465
qatar,2016,33.49433802
romania,2016,3.74576341
russian federation,2016,11.141591
rwanda,2016,0.088817839
saudi arabia,2016,19.69755248
sudan,2016,0.484630894
senegal,2016,0.668001955
singapore,2016,7.123683634
solomon islands,2016,0.467294548
sierra leone,2016,0.123486219
el salvador,2016,1.04557119
san marino,2016,1.04557119
somalia,2016,0.044942645
serbia,2016,5.08636641
south sudan,2016,0.157285684
sao tome and principe,2016,0.613009098
suriname,2016,4.02894025
slovakia,2016,6.404976256
slovenia,2016,6.954599582
sweden,2016,4.398329525
eswatini,2016,0.947219786
seychelles,2016,5.589175635
syrian arab republic,2016,1.664955205
chad,2016,0.069559377
togo,2016,0.307112523
thailand,2016,4.109455195
tajikistan,2016,0.74333021
turkmenistan,2016,12.39126457
timor-leste,2016,0.40567938
tonga,2016,1.268033184
trinidad and tobago,2016,29.07474085
tunisia,2016,2.56616606
turkey,2016,5.026310923
tuvalu,2016,0.652828508
tanzania,2016,0.204962447
uganda,2016,0.120817169
ukraine,2016,5.233429341
uruguay,2016,1.904250687
usa,2016,16.24694746
uzbekistan,2016,3.440288679
saint vincent and the grenadines,2016,2.209229026
venezuela,2016,5.677379393
viet nam,2016,2.058572525
vanuatu,2016,0.52656918
samoa,2016,1.224252705
yemen,2016,0.383790495
south africa,2016,8.268787844
zambia,2016,0.345837659
zimbabwe,2016,0.765313377
afghanistan,2017,0.188995444
angola,2017,0.953168429
albania,2017,1.838241795
andorra,2017,6.043168271
united arab emirates,2017,17.79568752
argentina,2017,4.274395193
armenia,2017,1.880133429
antigua and barbuda,2017,5.145138641
australia,2017,16.87035228
austria,2017,7.89112032
azerbaijan,2017,3.730696412
burundi,2017,0.048988554
belgium,2017,8.708432095
benin,2017,0.620812267
burkina faso,2017,0.20516605
bangladesh,2017,0.506893478
bulgaria,2017,6.699426282
bahrain,2017,21.81361591
bahamas,2017,5.489908449
bosnia and herzegovina,2017,6.51020058
belarus,2017,6.361294237
belize,2017,1.638107454
bolivia,2017,2.105075068
brazil,2017,2.40941389
barbados,2017,4.086894547
brunei,2017,22.50319808
bhutan,2017,1.661563141
botswana,2017,3.201244399
central african republic,2017,0.047036318
canada,2017,15.50035194
switzerland,2017,4.515537494
chile,2017,4.550297911
china,2017,6.981215392
ivory coast,2017,0.485336657
cameroon,2017,0.31337935
the democratic republic of the congo,2017,0.030392353
congo,2017,0.697595924
colombia,2017,1.76438528
comoros,2017,0.328630826
cabo verde,2017,1.077045868
costa rica,2017,1.679126715
cuba,2017,2.223038658
cyprus,2017,6.377248707
czechia,2017,10.11300218
germany,2017,9.507597709
djibouti,2017,0.427264514
dominica,2017,2.256150466
denmark,2017,6.060962892
dominican republic,2017,2.284472787
algeria,2017,3.743383327
ecuador,2017,2.339896056
egypt,2017,2.598486803
eritrea,2017,0.206349862
spain,2017,5.887612925
estonia,2017,14.24029286
ethiopia,2017,0.143213448
finland,2017,8.101813505
fiji,2017,1.552095312
france,2017,5.197140043
micronesia,2017,1.282085789
gabon,2017,2.226922114
uk,2017,5.808181432
georgia,2017,2.539341774
ghana,2017,0.471799753
guinea,2017,0.268406455
gambia,2017,0.241629097
guinea-bissau,2017,0.166348949
equatorial guinea,2017,9.734849866
greece,2017,7.08221336
grenada,2017,2.51149954
guatemala,2017,1.022283811
guyana,2017,2.992046149
hong kong,2017,5.824175283
honduras,2017,0.939356007
croatia,2017,4.474955754
haiti,2017,0.282634908
hungary,2017,5.082548778
indonesia,2017,2.173337265
india,2017,1.81810563
ireland,2017,8.232927207
iran,2017,8.828831259
iraq,2017,5.637481283
iceland,2017,10.78042902
israel,2017,7.141470828
italy,2017,5.815532829
jamaica,2017,2.669601431
jordan,2017,2.612069292
japan,2017,9.318411038
kazakhstan,2017,17.03034162
kenya,2017,0.325008539
kyrgyzstan,2017,1.510259005
cambodia,2017,0.804208325
kiribati,2017,0.577725608
saint kitts and nevis,2017,4.646363724
south korea,2017,12.83352462
kuwait,2017,23.45716907
lao,2017,2.6839071
lebanon,2017,4.102561922
liberia,2017,0.261918504
libya,2017,8.266370083
saint lucia,2017,2.794246051
liechtenstein,2017,4.107936508
sri lanka,2017,1.090044733
lesotho,2017,1.173731816
lithuania,2017,4.769710137
luxembourg,2017,15.64646652
latvia,2017,3.69786843
morocco,2017,1.732052453
monaco,2017,1.732052453
moldova,2017,1.285937526
madagascar,2017,0.16120522
maldives,2017,3.048335825
mexico,2017,3.685358728
marshall islands,2017,2.52437218
north macedonia,2017,3.604185599
mali,2017,0.190920371
malta,2017,3.560818664
myanmar,2017,0.463966456
montenegro,2017,3.351217328
mongolia,2017,11.00422444
mozambique,2017,0.290512575
mauritania,2017,0.833308037
mauritius,2017,3.587191449
malawi,2017,0.077203445
malaysia,2017,8.055430047
namibia,2017,1.754824811
niger,2017,0.092846243
nigeria,2017,0.597482379
nicaragua,2017,0.862072476
netherlands,2017,9.55330386
norway,2017,8.377883083
nepal,2017,0.42151176
nauru,2017,5.198146222
new zealand,2017,7.625380846
oman,2017,14.12486434
pakistan,2017,1.125399771
panama,2017,2.730126774
peru,2017,1.708484635
philippines,2017,1.282666618
palau,2017,12.13948787
papua new guinea,2017,0.755554966
poland,2017,8.897351948
north korea,2017,0.856034204
portugal,2017,5.368183414
paraguay,2017,1.175641224
"palestine, state of",2017,0.688465077
qatar,2017,36.61180125
romania,2017,3.928117522
russian federation,2017,11.31351661
rwanda,2017,0.08768078
saudi arabia,2017,19.31586787
sudan,2017,0.532053237
senegal,2017,0.69690334
singapore,2017,6.84395925
solomon islands,2017,0.449327793
sierra leone,2017,0.121833395
el salvador,2017,0.941715927
san marino,2017,0.941715927
somalia,2017,0.043699512
serbia,2017,5.156038284
south sudan,2017,0.133317899
sao tome and principe,2017,0.61925066
suriname,2017,4.33675258
slovakia,2017,6.613667652
slovenia,2017,7.027519825
sweden,2017,4.300267262
eswatini,2017,0.876258551
seychelles,2017,5.776203613
syrian arab republic,2017,1.874795489
chad,2017,0.068982955
togo,2017,0.287082869
thailand,2017,4.131778429
tajikistan,2017,0.885671468
turkmenistan,2017,12.19789196
timor-leste,2017,0.400801764
tonga,2017,1.54463813
trinidad and tobago,2017,28.86307592
tunisia,2017,2.556666439
turkey,2017,5.243439524
tuvalu,2017,0.644503078
tanzania,2017,0.208683301
uganda,2017,0.130530614
ukraine,2017,5.014531092
uruguay,2017,1.793204469
usa,2017,16.01967242
uzbekistan,2017,3.352750965
saint vincent and the grenadines,2017,1.968368434
venezuela,2017,5.49394058
viet nam,2017,2.063931951
vanuatu,2017,0.487653672
samoa,2017,1.256654654
yemen,2017,0.357501876
south africa,2017,8.142443199
zambia,2017,0.386694854
zimbabwe,2017,0.673026099
afghanistan,2018,0.22449203
angola,2018,0.791170676
albania,2018,1.642152952
andorra,2018,6.42339558
united arab emirates,2018,16.01124042
argentina,2018,4.082391913
armenia,2018,1.973679976
antigua and barbuda,2018,5.175207195
australia,2018,16.70811553
austria,2018,7.48650267
azerbaijan,2018,3.703418561
burundi,2018,0.060787227
belgium,2018,8.72893627
benin,2018,0.631656265
burkina faso,2018,0.2177408
bangladesh,2018,0.511845241
bulgaria,2018,6.188304852
bahrain,2018,20.77771392
bahamas,2018,7.002440119
bosnia and herzegovina,2018,6.641244914
belarus,2018,6.449198143
belize,2018,1.578193076
bolivia,2018,2.101250914
brazil,2018,2.309098502
barbados,2018,4.31026964
brunei,2018,22.3618354
bhutan,2018,1.903397191
botswana,2018,3.354557183
central african republic,2018,0.047111587
canada,2018,15.62986503
switzerland,2018,4.324335229
chile,2018,4.506838534
china,2018,7.207652756
ivory coast,2018,0.408943554
cameroon,2018,0.314558852
the democratic republic of the congo,2018,0.033064864
congo,2018,0.690742186
colombia,2018,1.709196713
comoros,2018,0.352171395
cabo verde,2018,1.098319685
costa rica,2018,1.644623869
cuba,2018,1.994023002
cyprus,2018,6.172131527
czechia,2018,9.950760744
germany,2018,9.072082766
djibouti,2018,0.405381871
dominica,2018,2.250890052
denmark,2018,6.027753912
dominican republic,2018,2.418157433
algeria,2018,3.824120009
ecuador,2018,2.219539066
egypt,2018,2.313688024
eritrea,2018,0.233046589
spain,2018,5.776330933
estonia,2018,13.56431228
ethiopia,2018,0.147853391
finland,2018,8.302103946
fiji,2018,1.529853998
france,2018,4.960291819
micronesia,2018,1.268643466
gabon,2018,2.245532081
uk,2018,5.687818316
georgia,2018,2.524293382
ghana,2018,0.560437492
guinea,2018,0.296915821
gambia,2018,0.237827914
guinea-bissau,2018,0.166163102
equatorial guinea,2018,8.565327833
greece,2018,6.824350999
grenada,2018,2.761498017
guatemala,2018,1.081085531
guyana,2018,3.184827845
hong kong,2018,5.797553627
honduras,2018,1.04823749
croatia,2018,4.258054737
haiti,2018,0.302773182
hungary,2018,5.089673458
indonesia,2018,2.297168351
india,2018,1.922020137
ireland,2018,8.133994924
iran,2018,8.644936122
iraq,2018,5.498462283
iceland,2018,10.87988881
israel,2018,7.22376477
italy,2018,5.756819977
jamaica,2018,2.739086569
jordan,2018,2.534751023
japan,2018,8.98929399
kazakhstan,2018,17.31912205
kenya,2018,0.350566274
kyrgyzstan,2018,1.855590789
cambodia,2018,0.792539375
kiribati,2018,0.569302615
saint kitts and nevis,2018,4.681260846
south korea,2018,13.12504023
kuwait,2018,23.10082005
lao,2018,2.76484892
lebanon,2018,3.870771355
liberia,2018,0.225213962
libya,2018,7.989972088
saint lucia,2018,2.800059377
liechtenstein,2018,3.753890794
sri lanka,2018,0.989148543
lesotho,2018,1.22518887
lithuania,2018,4.889292834
luxembourg,2018,15.8352986
latvia,2018,4.07548203
morocco,2018,1.729022154
monaco,2018,1.729022154
moldova,2018,1.3408132
madagascar,2018,0.158657008
maldives,2018,3.374856505
mexico,2018,3.608091424
marshall islands,2018,2.509030524
north macedonia,2018,3.372081133
mali,2018,0.191825566
malta,2018,3.502121808
myanmar,2018,0.608471835
montenegro,2018,3.822659439
mongolia,2018,14.99494041
mozambique,2018,0.233635037
mauritania,2018,0.832941015
mauritius,2018,3.56222651
malawi,2018,0.08654474
malaysia,2018,8.634519001
namibia,2018,1.665195578
niger,2018,0.083015407
nigeria,2018,0.65311248
nicaragua,2018,0.816781252
netherlands,2018,9.321459639
norway,2018,8.330707487
nepal,2018,0.487262933
nauru,2018,5.150890347
new zealand,2018,7.545479979
oman,2018,12.55147301
pakistan,2018,1.122875299
panama,2018,2.56907746
peru,2018,1.708357743
philippines,2018,1.318859461
palau,2018,11.86742615
papua new guinea,2018,0.744603706
poland,2018,8.886554657
north korea,2018,0.691744577
portugal,2018,5.020615349
paraguay,2018,1.22327764
"palestine, state of",2018,0.608022367
qatar,2018,38.43969224
romania,2018,3.978690989
russian federation,2018,11.60776661
rwanda,2018,0.09283066
saudi arabia,2018,18.45406055
sudan,2018,0.506679982
senegal,2018,0.714656816
singapore,2018,7.989840728
solomon islands,2018,0.443374276
sierra leone,2018,0.124525663
el salvador,2018,0.992283451
san marino,2018,0.992283451
somalia,2018,0.042479371
serbia,2018,5.028085529
south sudan,2018,0.121848478
sao tome and principe,2018,0.62503554
suriname,2018,4.365179951
slovakia,2018,6.607263433
slovenia,2018,6.975282469
sweden,2018,4.221513055
eswatini,2018,0.909282123
seychelles,2018,5.735869655
syrian arab republic,2018,1.791997513
chad,2018,0.067471139
togo,2018,0.29027418
thailand,2018,3.97786481
tajikistan,2018,1.000743338
turkmenistan,2018,12.0403678
timor-leste,2018,0.401664387
tonga,2018,1.349167127
trinidad and tobago,2018,29.12228216
tunisia,2018,2.53889232
turkey,2018,5.093957393
tuvalu,2018,0.636774418
tanzania,2018,0.209378088
uganda,2018,0.128680647
ukraine,2018,5.244136914
uruguay,2018,1.905032492
usa,2018,16.4339712
uzbekistan,2018,3.532803855
saint vincent and the grenadines,2018,2.194154848
venezuela,2018,4.160217714
viet nam,2018,2.341467869
vanuatu,2018,0.600895176
samoa,2018,1.214302831
yemen,2018,0.350321452
south africa,2018,8.032053561
zambia,2018,0.421462832
zimbabwe,2018,0.821009943
afghanistan,2019,0.319299157
angola,2019,0.737991588
albania,2019,1.688177757
andorra,2019,6.505535247
united arab emirates,2019,15.78070133
argentina,2019,3.741917524
armenia,2019,1.869270735
antigua and barbuda,2019,5.008031467
australia,2019,16.44699216
austria,2019,7.589237956
azerbaijan,2019,3.854118915
burundi,2019,0.06105764
belgium,2019,8.643986894
benin,2019,0.619863266
burkina faso,2019,0.213366436
bangladesh,2019,0.577842492
bulgaria,2019,6.031683176
bahrain,2019,20.98445501
bahamas,2019,6.772585126
bosnia and herzegovina,2019,7.527082702
belarus,2019,6.455760335
belize,2019,1.686627232
bolivia,2019,2.071353502
brazil,2019,2.301796677
barbados,2019,4.234125947
brunei,2019,22.98279423
bhutan,2019,2.525907754
botswana,2019,3.005950869
central african republic,2019,0.044348113
canada,2019,15.56731625
switzerland,2019,4.276607966
chile,2019,4.544593041
china,2019,7.31629792
ivory coast,2019,0.407508101
cameroon,2019,0.285897796
the democratic republic of the congo,2019,0.030980325
congo,2019,0.611708039
colombia,2019,1.796191905
comoros,2019,0.359437104
cabo verde,2019,1.095129424
costa rica,2019,1.746962543
cuba,2019,1.987447283
cyprus,2019,6.123855412
czechia,2019,9.431221712
germany,2019,8.518354547
djibouti,2019,0.413328403
dominica,2019,2.191399287
denmark,2019,5.353077578
dominican republic,2019,2.562650864
algeria,2019,3.870617401
ecuador,2019,2.115714004
egypt,2019,2.250084031
eritrea,2019,0.238728072
spain,2019,5.38116921
estonia,2019,9.339055315
ethiopia,2019,0.146066966
finland,2019,7.690672497
fiji,2019,1.563565716
france,2019,4.850791024
micronesia,2019,1.294117647
gabon,2019,2.065609582
uk,2019,5.464367838
georgia,2019,2.622195701
ghana,2019,0.556193047
guinea,2019,0.291036599
gambia,2019,0.232976361
guinea-bissau,2019,0.163494405
equatorial guinea,2019,7.573677014
greece,2019,6.276429316
grenada,2019,2.966616966
guatemala,2019,1.247569032
guyana,2019,3.176555957
hong kong,2019,5.61977334
honduras,2019,1.106994714
croatia,2019,4.304477346
haiti,2019,0.292016116
hungary,2019,5.067767347
indonesia,2019,2.440988872
india,2019,1.921790091
ireland,2019,7.634477864
iran,2019,8.84490715
iraq,2019,5.67266932
iceland,2019,10.47308358
israel,2019,7.323728014
italy,2019,5.611424924
jamaica,2019,2.728744464
jordan,2019,2.548582446
japan,2019,8.717694119
kazakhstan,2019,15.94855749
kenya,2019,0.348973056
kyrgyzstan,2019,1.717293889
cambodia,2019,0.929794738
kiribati,2019,0.578040236
saint kitts and nevis,2019,4.536092233
south korea,2019,12.65047738
kuwait,2019,22.9734474
lao,2019,4.732814419
lebanon,2019,3.888406647
liberia,2019,0.221453753
libya,2019,8.042698052
saint lucia,2019,2.719514197
liechtenstein,2019,3.903311502
sri lanka,2019,1.070398884
lesotho,2019,1.092144614
lithuania,2019,5.045283294
luxembourg,2019,15.8384614
latvia,2019,4.011133121
morocco,2019,1.870394606
monaco,2019,1.870394606
moldova,2019,1.275257138
madagascar,2019,0.150163295
maldives,2019,3.378830141
mexico,2019,3.413761271
marshall islands,2019,2.569610995
north macedonia,2019,3.827625118
mali,2019,0.187617977
malta,2019,3.790204645
myanmar,2019,0.666981587
montenegro,2019,4.211870628
mongolia,2019,27.49975428
mozambique,2019,0.239991812
mauritania,2019,0.817222368
mauritius,2019,3.448145499
malawi,2019,0.085271436
malaysia,2019,8.721791705
namibia,2019,1.6363804
niger,2019,0.079504211
nigeria,2019,0.647401324
nicaragua,2019,0.866717327
netherlands,2019,8.983963975
norway,2019,7.969165196
nepal,2019,0.593053654
nauru,2019,5.266920788
new zealand,2019,7.839014456
oman,2019,12.21243638
pakistan,2019,1.081839891
panama,2019,2.895108113
peru,2019,1.691071484
philippines,2019,1.356081117
palau,2019,12.16403821
papua new guinea,2019,0.754058547
poland,2019,8.433355061
north korea,2019,1.144670603
portugal,2019,4.657562002
paraguay,2019,1.2101264
"palestine, state of",2019,0.599407398
qatar,2019,40.619378
romania,2019,3.865118112
russian federation,2019,11.51315093
rwanda,2019,0.094036961
saudi arabia,2019,18.16280816
sudan,2019,0.514595509
senegal,2019,0.691289173
singapore,2019,7.874336035
solomon islands,2019,0.445431106
sierra leone,2019,0.122950668
el salvador,2019,1.061849186
san marino,2019,1.061849186
somalia,2019,0.043074797
serbia,2019,5.624290731
south sudan,2019,0.126142266
sao tome and principe,2019,0.587102894
suriname,2019,4.335090097
slovakia,2019,6.189008529
slovenia,2019,6.737966011
sweden,2019,4.078851546
eswatini,2019,0.882217171
seychelles,2019,5.94532377
syrian arab republic,2019,1.816546852
chad,2019,0.063046831
togo,2019,0.285213513
thailand,2019,3.901218377
tajikistan,2019,0.926304402
turkmenistan,2019,12.8437154
timor-leste,2019,0.405971918
tonga,2019,1.373475989
trinidad and tobago,2019,28.94572153
tunisia,2019,2.566158281
turkey,2019,4.786608448
tuvalu,2019,0.648591791
tanzania,2019,0.20761148
uganda,2019,0.129226394
ukraine,2019,5.059351991
uruguay,2019,1.901937006
usa,2019,15.9719737
uzbekistan,2019,3.462494189
saint vincent and the grenadines,2019,2.134299071
venezuela,2019,3.477903448
viet nam,2019,2.69859441
vanuatu,2019,0.604504438
samoa,2019,1.245528851
yemen,2019,0.343612468
south africa,2019,8.12733368
zambia,2019,0.394557313
zimbabwe,2019,0.747610114
