Country,Year,Gross National Income Per Capita
afghanistan,2005,1435.19173
angola,2005,5390.699648
albania,2005,8197.993857
andorra,2005,55553.50369
united arab emirates,2005,92443.55639
argentina,2005,17271.06449
armenia,2005,7747.421747
antigua and barbuda,2005,18213.73908
australia,2005,41039.08996
austria,2005,50119.4083
azerbaijan,2005,6282.770808
burundi,2005,786.2207272
belgium,2005,47530.82806
benin,2005,2574.887284
burkina faso,2005,1513.509675
bangladesh,2005,2383.031073
bulgaria,2005,15148.39757
bahrain,2005,46319.98102
bahamas,2005,39692.55098
bosnia and herzegovina,2005,9715.09198
belarus,2005,11924.92172
belize,2005,6639.189164
bolivia,2005,5518.227019
brazil,2005,12212.20034
barbados,2005,15061.56405
brunei,2005,70020.91017
bhutan,2005,5371.981959
botswana,2005,10776.31728
central african republic,2005,1087.79872
canada,2005,43853.09064
switzerland,2005,67985.55126
chile,2005,17110.97596
china,2005,5299.359629
ivory coast,2005,2547.485293
cameroon,2005,3069.366733
the democratic republic of the congo,2005,748.526471
congo,2005,3434.684511
colombia,2005,9810.986659
comoros,2005,2807.43761
cabo verde,2005,4982.602145
costa rica,2005,13647.15678
cuba,2005,5524.000434
cyprus,2005,35764.9257
czechia,2005,29410.2889
germany,2005,44193.77053
djibouti,2005,2097.574162
dominica,2005,9765.248771
denmark,2005,50870.24906
dominican republic,2005,9742.487438
algeria,2005,10049.69754
ecuador,2005,9107.982948
egypt,2005,8372.627871
eritrea,2005,1587.75206
spain,2005,37716.50403
estonia,2005,22401.96281
ethiopia,2005,863.3035094
finland,2005,45949.01811
fiji,2005,10408.11395
france,2005,41993.32952
micronesia,2005,4074.055525
gabon,2005,14167.18205
uk,2005,42785.2434
georgia,2005,7462.036105
ghana,2005,3180.035017
guinea,2005,1826.416143
gambia,2005,2174.703256
guinea-bissau,2005,1644.346328
equatorial guinea,2005,19244.97593
greece,2005,33703.24653
grenada,2005,13433.94524
guatemala,2005,6637.018544
guyana,2005,6726.510578
hong kong,2005,43693.74717
honduras,2005,4333.784928
croatia,2005,23222.27536
haiti,2005,2857.074515
hungary,2005,23355.02461
indonesia,2005,6376.755224
india,2005,3222.757097
ireland,2005,46725.35649
iran,2005,11981.71511
iraq,2005,7147.464207
iceland,2005,43631.89546
israel,2005,28844.25638
italy,2005,44251.98788
jamaica,2005,9398.15417
jordan,2005,10811.63388
japan,2005,40079.83225
kazakhstan,2005,15396.17221
kenya,2005,3326.610393
kyrgyzstan,2005,3394.227671
cambodia,2005,2039.208488
kiribati,2005,2974.172053
saint kitts and nevis,2005,23569.26264
south korea,2005,28433.86694
kuwait,2005,83609.15628
lao,2005,3507.579735
lebanon,2005,14138.56631
liberia,2005,1139.17391
libya,2005,17476.95661
saint lucia,2005,12261.15077
liechtenstein,2005,107644.6536
sri lanka,2005,6872.356869
lesotho,2005,2670.536131
lithuania,2005,20467.18814
luxembourg,2005,87012.00638
latvia,2005,19008.8348
morocco,2005,5206.14294
monaco,2005,5206.14294
moldova,2005,8139.956213
madagascar,2005,1529.064221
maldives,2005,12855.1297
mexico,2005,17414.40728
marshall islands,2005,4414.667322
north macedonia,2005,11046.98165
mali,2005,1900.573317
malta,2005,28205.89598
myanmar,2005,1698.983452
montenegro,2005,14187.27963
mongolia,2005,5894.009596
mozambique,2005,787.7008049
mauritania,2005,4642.69383
mauritius,2005,13746.94974
malawi,2005,1082.36655
malaysia,2005,17321.67752
namibia,2005,7905.316202
niger,2005,1021.853537
nigeria,2005,3631.501451
nicaragua,2005,4237.153806
netherlands,2005,49247.57787
norway,2005,63543.37817
nepal,2005,2288.402282
nauru,2005,4997.041603
new zealand,2005,32136.46882
oman,2005,35436.98506
pakistan,2005,3631.120554
panama,2005,15160.22658
peru,2005,7094.575199
philippines,2005,5556.405859
palau,2005,17652.04713
papua new guinea,2005,2781.965113
poland,2005,18610.39132
north korea,2005,18610.39132
portugal,2005,29777.58843
paraguay,2005,7430.442505
"palestine, state of",2005,5185.337632
qatar,2005,78649.06596
romania,2005,16308.55395
russian federation,2005,19541.54932
rwanda,2005,1138.241995
saudi arabia,2005,44734.86349
sudan,2005,4360.895883
senegal,2005,2740.225894
singapore,2005,64409.6079
solomon islands,2005,2128.405381
sierra leone,2005,1211.771121
el salvador,2005,6662.02182
san marino,2005,83924.8326
somalia,2005,1063.632772
serbia,2005,12143.50189
south sudan,2005,12143.50189
sao tome and principe,2005,2820.811031
suriname,2005,13808.28568
slovakia,2005,21390.48591
slovenia,2005,30998.99525
sweden,2005,45959.84488
eswatini,2005,6964.378548
seychelles,2005,18489.48593
syrian arab republic,2005,6555.635985
chad,2005,1366.252218
togo,2005,1549.847877
thailand,2005,11752.65579
tajikistan,2005,2423.795588
turkmenistan,2005,7701.550607
timor-leste,2005,3901.885426
tonga,2005,5561.841643
trinidad and tobago,2005,23278.47647
tunisia,2005,8735.378169
turkey,2005,18195.9431
tuvalu,2005,4095.815257
tanzania,2005,1687.238249
uganda,2005,1448.236618
ukraine,2005,10857.5854
uruguay,2005,14226.02679
usa,2005,54305.12642
uzbekistan,2005,3439.404262
saint vincent and the grenadines,2005,10002.26481
venezuela,2005,16817.616
viet nam,2005,3886.129712
vanuatu,2005,2648.817055
samoa,2005,5653.999826
yemen,2005,3673.872607
south africa,2005,12299.16465
zambia,2005,2154.594327
zimbabwe,2005,1973.994783
afghanistan,2006,1518.767846
angola,2006,5672.126464
albania,2006,8814.501734
andorra,2006,56696.60874
united arab emirates,2006,88502.51225
argentina,2006,20131.40256
armenia,2006,8881.593116
antigua and barbuda,2006,20253.5277
australia,2006,41648.29006
austria,2006,51755.56802
azerbaijan,2006,8305.227742
burundi,2006,809.5529235
belgium,2006,48260.64006
benin,2006,2595.968923
burkina faso,2006,1571.988433
bangladesh,2006,2538.234965
bulgaria,2006,15883.00705
bahrain,2006,45894.28762
bahamas,2006,39840.39471
bosnia and herzegovina,2006,10148.07381
belarus,2006,13185.10539
belize,2006,6783.15037
bolivia,2006,5702.749959
brazil,2006,12605.81821
barbados,2006,15600.36919
brunei,2006,72083.47726
bhutan,2006,5734.069908
botswana,2006,11501.98728
central african republic,2006,1070.650487
canada,2006,44888.05769
switzerland,2006,69488.94513
chile,2006,17183.47403
china,2006,5969.088313
ivory coast,2006,2529.149232
cameroon,2006,3140.019847
the democratic republic of the congo,2006,771.2121592
congo,2006,4019.713418
colombia,2006,10322.92873
comoros,2006,2815.050757
cabo verde,2006,5382.716558
costa rica,2006,14575.16346
cuba,2006,6210.383745
cyprus,2006,36709.9118
czechia,2006,30366.83164
germany,2006,46045.61338
djibouti,2006,2329.191906
dominica,2006,10657.23036
denmark,2006,52740.8252
dominican republic,2006,10546.32662
algeria,2006,10137.74673
ecuador,2006,9385.692493
egypt,2006,8859.168738
eritrea,2006,1525.17679
spain,2006,38471.31913
estonia,2006,24970.23614
ethiopia,2006,929.7011055
finland,2006,47282.47742
fiji,2006,10362.86794
france,2006,42662.02398
micronesia,2006,4100.151841
gabon,2006,12684.60798
uk,2006,43021.0528
georgia,2006,8269.276483
ghana,2006,3260.440634
guinea,2006,1760.550225
gambia,2006,2091.956395
guinea-bissau,2006,1659.457793
equatorial guinea,2006,24395.13773
greece,2006,35015.78853
grenada,2006,12855.43863
guatemala,2006,6819.812353
guyana,2006,7629.170601
hong kong,2006,47392.02745
honduras,2006,4505.965646
croatia,2006,24318.48786
haiti,2006,2878.092123
hungary,2006,24094.02194
indonesia,2006,6680.941428
india,2006,3426.91817
ireland,2006,48191.57428
iran,2006,12465.95662
iraq,2006,7376.304498
iceland,2006,44678.11201
israel,2006,30012.16644
italy,2006,44658.82268
jamaica,2006,9620.011561
jordan,2006,11280.26252
japan,2006,40407.54524
kazakhstan,2006,16317.19092
kenya,2006,3437.795658
kyrgyzstan,2006,3533.266593
cambodia,2006,2228.221097
kiribati,2006,2876.388874
saint kitts and nevis,2006,24421.80971
south korea,2006,29901.61423
kuwait,2006,87527.31767
lao,2006,3310.576061
lebanon,2006,14401.34173
liberia,2006,1189.735474
libya,2006,18761.28499
saint lucia,2006,13213.61333
liechtenstein,2006,119446.3713
sri lanka,2006,7332.785758
lesotho,2006,2686.451808
lithuania,2006,21892.72195
luxembourg,2006,82926.69144
latvia,2006,21235.12436
morocco,2006,5529.265636
monaco,2006,5529.265636
moldova,2006,8426.589953
madagascar,2006,1561.651344
maldives,2006,15736.31745
mexico,2006,18033.14918
marshall islands,2006,4270.59709
north macedonia,2006,11754.26935
mali,2006,1913.736974
malta,2006,28520.40444
myanmar,2006,1897.766025
montenegro,2006,15452.2313
mongolia,2006,6366.896166
mozambique,2006,815.39309
mauritania,2006,5131.211656
mauritius,2006,14503.68004
malawi,2006,1102.86281
malaysia,2006,18207.30872
namibia,2006,8379.625588
niger,2006,1041.911994
nigeria,2006,4009.970944
nicaragua,2006,4320.551335
netherlands,2006,52037.50952
norway,2006,67037.92885
nepal,2006,2346.857643
nauru,2006,2991.817466
new zealand,2006,32324.84384
oman,2006,36636.79009
pakistan,2006,3761.372437
panama,2006,16175.33969
peru,2006,7385.388794
philippines,2006,5719.636042
palau,2006,17737.87856
papua new guinea,2006,2671.025061
poland,2006,19685.71892
north korea,2006,19685.71892
portugal,2006,29778.5573
paraguay,2006,7967.30967
"palestine, state of",2006,5045.582009
qatar,2006,91144.48033
romania,2006,17631.43917
russian federation,2006,21083.29258
rwanda,2006,1215.385067
saudi arabia,2006,44807.12574
sudan,2006,4480.0832
senegal,2006,2739.15752
singapore,2006,70154.75235
solomon islands,2006,2122.134963
sierra leone,2006,1227.106268
el salvador,2006,6967.812746
san marino,2006,86642.53886
somalia,2006,1057.121975
serbia,2006,12795.25716
south sudan,2006,12795.25716
sao tome and principe,2006,3138.235757
suriname,2006,14398.46779
slovakia,2006,22887.13351
slovenia,2006,32458.57806
sweden,2006,48497.11531
eswatini,2006,6960.011648
seychelles,2006,20039.09556
syrian arab republic,2006,6751.475662
chad,2006,1240.217809
togo,2006,1549.220448
thailand,2006,12360.60169
tajikistan,2006,2677.912005
turkmenistan,2006,8525.197608
timor-leste,2006,5418.482855
tonga,2006,5505.705101
trinidad and tobago,2006,26206.36859
tunisia,2006,9152.383855
turkey,2006,19214.58882
tuvalu,2006,4068.23182
tanzania,2006,1779.566349
uganda,2006,1561.532585
ukraine,2006,11674.10072
uruguay,2006,14884.97098
usa,2006,55681.43355
uzbekistan,2006,3567.76127
saint vincent and the grenadines,2006,10906.968
venezuela,2006,18193.572
viet nam,2006,4105.475098
vanuatu,2006,2864.764402
samoa,2006,5644.886636
yemen,2006,3858.420964
south africa,2006,12824.9738
zambia,2006,2225.630647
zimbabwe,2006,1892.260606
afghanistan,2007,1811.166659
angola,2007,6359.181376
albania,2007,9399.46896
andorra,2007,56399.72175
united arab emirates,2007,79459.26304
argentina,2007,21872.98639
armenia,2007,10262.08008
antigua and barbuda,2007,21792.18713
australia,2007,42531.66846
austria,2007,53226.17902
azerbaijan,2007,9998.115702
burundi,2007,812.5069795
belgium,2007,49710.56168
benin,2007,2669.77976
burkina faso,2007,1587.915108
bangladesh,2007,2702.966271
bulgaria,2007,16242.10842
bahrain,2007,46240.60324
bahamas,2007,39614.97103
bosnia and herzegovina,2007,10747.7794
belarus,2007,14317.12858
belize,2007,6482.838471
bolivia,2007,5847.291121
brazil,2007,13284.63248
barbados,2007,16222.2906
brunei,2007,71648.00123
bhutan,2007,6647.361095
botswana,2007,12301.25885
central african republic,2007,1100.152165
canada,2007,45839.73439
switzerland,2007,66954.0509
chile,2007,17994.32625
china,2007,6810.158702
ivory coast,2007,2518.41373
cameroon,2007,3160.077736
the democratic republic of the congo,2007,787.4530548
congo,2007,3633.151826
colombia,2007,10836.54977
comoros,2007,2781.470119
cabo verde,2007,5895.209969
costa rica,2007,15613.4116
cuba,2007,6635.849547
cyprus,2007,37411.12839
czechia,2007,32009.06748
germany,2007,47424.29974
djibouti,2007,2411.423737
dominica,2007,11226.64924
denmark,2007,52452.14616
dominican republic,2007,11175.89734
algeria,2007,10563.37199
ecuador,2007,9414.638342
egypt,2007,9360.118933
eritrea,2007,1509.082026
spain,2007,39006.60339
estonia,2007,27118.50402
ethiopia,2007,1009.775687
finland,2007,49146.72006
fiji,2007,10253.04545
france,2007,43565.31439
micronesia,2007,4060.781798
gabon,2007,12761.80426
uk,2007,43316.41229
georgia,2007,9188.958856
ghana,2007,3316.812651
guinea,2007,1839.301032
gambia,2007,2098.034103
guinea-bissau,2007,1679.535894
equatorial guinea,2007,27401.83123
greece,2007,35883.04843
grenada,2007,13427.23027
guatemala,2007,7094.537826
guyana,2007,8257.19914
hong kong,2007,50586.26831
honduras,2007,4754.557467
croatia,2007,25583.76716
haiti,2007,2963.849825
hungary,2007,23921.45917
indonesia,2007,7022.246232
india,2007,3646.928626
ireland,2007,48328.55453
iran,2007,13365.68311
iraq,2007,7417.404968
iceland,2007,48221.43966
israel,2007,31136.79394
italy,2007,45095.50647
jamaica,2007,9709.069035
jordan,2007,11719.83271
japan,2007,40891.01444
kazakhstan,2007,17274.6335
kenya,2007,3567.161688
kyrgyzstan,2007,3813.744666
cambodia,2007,2435.242842
kiribati,2007,2918.741537
saint kitts and nevis,2007,24469.21157
south korea,2007,31488.49601
kuwait,2007,86266.58606
lao,2007,3931.584401
lebanon,2007,16062.98559
liberia,2007,1253.227325
libya,2007,19546.14203
saint lucia,2007,13176.60524
liechtenstein,2007,132438.9834
sri lanka,2007,7795.922241
lesotho,2007,2976.207122
lithuania,2007,24341.03324
luxembourg,2007,93173.94869
latvia,2007,24269.96109
morocco,2007,5668.725192
monaco,2007,5668.725192
moldova,2007,8524.627537
madagascar,2007,1627.542304
maldives,2007,13737.97058
mexico,2007,18145.5403
marshall islands,2007,4401.900551
north macedonia,2007,11959.5747
mali,2007,1917.362328
malta,2007,29500.4094
myanmar,2007,2094.31213
montenegro,2007,16416.64572
mongolia,2007,6850.865763
mozambique,2007,865.3927795
mauritania,2007,4912.074911
mauritius,2007,15559.94762
malawi,2007,1175.387253
malaysia,2007,19130.71026
namibia,2007,8500.237975
niger,2007,1031.514983
nigeria,2007,4052.192908
nicaragua,2007,4503.25909
netherlands,2007,53320.00615
norway,2007,67351.25237
nepal,2007,2403.790656
nauru,2007,3814.236473
new zealand,2007,33903.62362
oman,2007,37079.4074
pakistan,2007,3838.637771
panama,2007,18076.96739
peru,2007,7970.525079
philippines,2007,5976.078269
palau,2007,18594.95734
papua new guinea,2007,2883.822296
poland,2007,20882.84428
north korea,2007,20882.84428
portugal,2007,30537.20511
paraguay,2007,8677.024029
"palestine, state of",2007,5164.698181
qatar,2007,90330.59796
romania,2007,18782.19739
russian federation,2007,23081.19442
rwanda,2007,1281.577014
saudi arabia,2007,44629.10857
sudan,2007,4637.464794
senegal,2007,2743.445388
singapore,2007,73600.93417
solomon islands,2007,2103.208263
sierra leone,2007,1379.930856
el salvador,2007,7072.6786
san marino,2007,89258.18951
somalia,2007,1053.598114
serbia,2007,13406.05174
south sudan,2007,13406.05174
sao tome and principe,2007,3175.385281
suriname,2007,15307.37616
slovakia,2007,25119.49162
slovenia,2007,34389.28972
sweden,2007,50283.061
eswatini,2007,7278.330002
seychelles,2007,20142.90475
syrian arab republic,2007,6915.774881
chad,2007,1347.138825
togo,2007,1496.630684
thailand,2007,13001.9766
tajikistan,2007,2756.08993
turkmenistan,2007,9671.032392
timor-leste,2007,7198.97098
tonga,2007,5311.430437
trinidad and tobago,2007,26458.12469
tunisia,2007,9624.778572
turkey,2007,19875.82025
tuvalu,2007,4088.936472
tanzania,2007,1825.824479
uganda,2007,1649.249463
ukraine,2007,12768.99435
uruguay,2007,15828.80644
usa,2007,55542.57264
uzbekistan,2007,4101.007448
saint vincent and the grenadines,2007,11394.27153
venezuela,2007,19485.41
viet nam,2007,4329.994612
vanuatu,2007,2871.305544
samoa,2007,5983.036429
yemen,2007,3886.050629
south africa,2007,13167.32141
zambia,2007,2300.748795
zimbabwe,2007,1840.530098
afghanistan,2008,1753.066993
angola,2008,6490.787737
albania,2008,9962.442236
andorra,2008,52516.10603
united arab emirates,2008,69814.63137
argentina,2008,22558.47112
armenia,2008,11125.75363
antigua and barbuda,2008,21504.71644
australia,2008,42767.77538
austria,2008,54019.90627
azerbaijan,2008,11490.25501
burundi,2008,825.7337431
belgium,2008,49018.84914
benin,2008,2735.152274
burkina faso,2008,1628.534648
bangladesh,2008,2862.599524
bulgaria,2008,17810.91699
bahrain,2008,44570.19075
bahamas,2008,38684.88747
bosnia and herzegovina,2008,11436.10705
belarus,2008,15829.20304
belize,2008,6581.705358
bolivia,2008,6132.917282
brazil,2008,13778.06542
barbados,2008,16072.74215
brunei,2008,69405.81476
bhutan,2008,6796.288288
botswana,2008,12863.84465
central african republic,2008,1143.959423
canada,2008,46460.70616
switzerland,2008,63027.03651
chile,2008,19316.13231
china,2008,7457.824155
ivory coast,2008,2531.950678
cameroon,2008,3180.47495
the democratic republic of the congo,2008,787.4567239
congo,2008,3798.545614
colombia,2008,11003.14824
comoros,2008,2813.153019
cabo verde,2008,6177.304139
costa rica,2008,16242.12399
cuba,2008,6910.944542
cyprus,2008,39755.01226
czechia,2008,32404.22888
germany,2008,47413.82063
djibouti,2008,2496.956924
dominica,2008,12103.08802
denmark,2008,52701.39845
dominican republic,2008,11557.87602
algeria,2008,10694.43513
ecuador,2008,10007.24798
egypt,2008,9845.396806
eritrea,2008,1185.857064
spain,2008,38414.47578
estonia,2008,26732.76546
ethiopia,2008,1088.185603
finland,2008,48714.47858
fiji,2008,10272.90259
france,2008,43428.98144
micronesia,2008,3997.154642
gabon,2008,11746.06418
uk,2008,42389.3105
georgia,2008,9302.195863
ghana,2008,3534.016583
guinea,2008,1866.20868
gambia,2008,2173.326311
guinea-bissau,2008,1672.09885
equatorial guinea,2008,26794.77059
greece,2008,35400.57145
grenada,2008,13555.53855
guatemala,2008,7251.743179
guyana,2008,8508.905182
hong kong,2008,52685.52983
honduras,2008,4867.221752
croatia,2008,25822.04525
haiti,2008,2995.821243
hungary,2008,24289.06445
indonesia,2008,7389.49286
india,2008,3698.175689
ireland,2008,45256.81995
iran,2008,13260.29381
iraq,2008,8417.922987
iceland,2008,40795.06391
israel,2008,30788.48212
italy,2008,43633.27169
jamaica,2008,9707.006967
jordan,2008,11853.65768
japan,2008,39575.23333
kazakhstan,2008,16779.20776
kenya,2008,3489.588814
kyrgyzstan,2008,3978.47981
cambodia,2008,2542.49133
kiribati,2008,2849.907607
saint kitts and nevis,2008,25740.42117
south korea,2008,32281.54194
kuwait,2008,80696.45086
lao,2008,4114.629169
lebanon,2008,17274.97518
liberia,2008,1288.458451
libya,2008,19191.74264
saint lucia,2008,13611.25403
liechtenstein,2008,128464.7415
sri lanka,2008,8104.579428
lesotho,2008,3074.951173
lithuania,2008,25922.42946
luxembourg,2008,87146.29368
latvia,2008,24042.56028
morocco,2008,5941.807867
monaco,2008,5941.807867
moldova,2008,9227.222339
madagascar,2008,1689.493909
maldives,2008,15128.71265
mexico,2008,18132.72339
marshall islands,2008,4001.182216
north macedonia,2008,13054.44457
mali,2008,1952.537578
malta,2008,31482.02982
myanmar,2008,2298.024551
montenegro,2008,17623.23572
mongolia,2008,7294.139198
mozambique,2008,908.1448851
mauritania,2008,4802.253968
mauritius,2008,16164.99315
malawi,2008,1229.60102
malaysia,2008,19463.7077
namibia,2008,8571.893578
niger,2008,1065.755736
nigeria,2008,4226.714342
nicaragua,2008,4595.485975
netherlands,2008,52805.10381
norway,2008,70347.80315
nepal,2008,2521.875782
nauru,2008,6998.3053
new zealand,2008,32840.84466
oman,2008,37494.26661
pakistan,2008,3820.418166
panama,2008,19490.87979
peru,2008,8722.217969
philippines,2008,6149.84805
palau,2008,17752.22216
papua new guinea,2008,2867.675037
poland,2008,22011.45139
north korea,2008,22011.45139
portugal,2008,30147.68603
paraguay,2008,9225.986476
"palestine, state of",2008,5397.43905
qatar,2008,89618.73955
romania,2008,21553.0856
russian federation,2008,24119.89487
rwanda,2008,1383.597203
saudi arabia,2008,46324.43719
sudan,2008,4631.672141
senegal,2008,2776.554724
singapore,2008,71106.89587
solomon islands,2008,2124.015708
sierra leone,2008,1458.474648
el salvador,2008,7238.858093
san marino,2008,87854.18234
somalia,2008,1050.8997
serbia,2008,14278.69302
south sudan,2008,2042.417616
sao tome and principe,2008,3237.934892
suriname,2008,15808.1554
slovakia,2008,26434.84582
slovenia,2008,35136.15927
sweden,2008,49840.872
eswatini,2008,7188.302522
seychelles,2008,19303.36403
syrian arab republic,2008,6922.581491
chad,2008,1302.558192
togo,2008,1525.81517
thailand,2008,13123.79994
tajikistan,2008,3175.501132
turkmenistan,2008,10668.24071
timor-leste,2008,10461.42314
tonga,2008,5527.20572
trinidad and tobago,2008,26585.5194
tunisia,2008,9902.639208
turkey,2008,19759.90911
tuvalu,2008,4377.878049
tanzania,2008,1879.383305
uganda,2008,1739.344576
ukraine,2008,13015.59578
uruguay,2008,16795.81997
usa,2008,54095.39699
uzbekistan,2008,4240.700719
saint vincent and the grenadines,2008,11579.83607
venezuela,2008,20205.672
viet nam,2008,4521.79679
vanuatu,2008,3099.601738
samoa,2008,5946.567662
yemen,2008,3889.668856
south africa,2008,13430.35398
zambia,2008,2499.089747
zimbabwe,2008,1563.611915
afghanistan,2009,1884.200863
angola,2009,6999.175405
albania,2009,10153.09601
andorra,2009,49377.46694
united arab emirates,2009,59017.26106
argentina,2009,20884.44997
armenia,2009,9428.797679
antigua and barbuda,2009,18698.75383
australia,2009,42644.38741
austria,2009,51759.08206
azerbaijan,2009,12823.27086
burundi,2009,823.7437753
belgium,2009,48339.3418
benin,2009,2715.078222
burkina faso,2009,1613.597246
bangladesh,2009,2979.60677
bulgaria,2009,17596.3557
bahrain,2009,40302.74097
bahamas,2009,36134.3892
bosnia and herzegovina,2009,11165.23084
belarus,2009,15795.33242
belize,2009,6801.750993
bolivia,2009,6198.642658
brazil,2009,13653.35701
barbados,2009,15335.66542
brunei,2009,67384.0493
bhutan,2009,7085.237559
botswana,2009,12064.50597
central african republic,2009,1168.897638
canada,2009,43109.91336
switzerland,2009,66727.65547
chile,2009,18935.55085
china,2009,8056.029016
ivory coast,2009,2598.383885
cameroon,2009,3207.31946
the democratic republic of the congo,2009,803.1350885
congo,2009,4439.713963
colombia,2009,11049.10671
comoros,2009,2835.601604
cabo verde,2009,6028.950962
costa rica,2009,15661.61363
cuba,2009,6952.556565
cyprus,2009,38446.04876
czechia,2009,30787.99206
germany,2009,46040.43366
djibouti,2009,2803.308019
dominica,2009,12108.08812
denmark,2009,49626.18855
dominican republic,2009,11518.0918
algeria,2009,10666.52497
ecuador,2009,9944.187625
egypt,2009,10039.03033
eritrea,2009,1305.673707
spain,2009,37392.93155
estonia,2009,23779.67758
ethiopia,2009,1149.158272
finland,2009,45128.28495
fiji,2009,10244.2737
france,2009,42321.56699
micronesia,2009,4063.529719
gabon,2009,12315.62191
uk,2009,40680.05753
georgia,2009,9036.256313
ghana,2009,3614.713207
guinea,2009,1784.393267
gambia,2009,2244.085241
guinea-bissau,2009,1692.404521
equatorial guinea,2009,26908.40292
greece,2009,34125.0631
grenada,2009,12214.12381
guatemala,2009,7124.626047
guyana,2009,8799.797611
hong kong,2009,49679.91377
honduras,2009,4688.06038
croatia,2009,23844.58839
haiti,2009,3125.148813
hungary,2009,23379.07569
indonesia,2009,7633.704258
india,2009,3933.116277
ireland,2009,41347.50221
iran,2009,13199.8971
iraq,2009,8481.946329
iceland,2009,37970.82214
israel,2009,31003.44106
italy,2009,42078.36692
jamaica,2009,9107.809893
jordan,2009,11813.53471
japan,2009,37855.03733
kazakhstan,2009,17769.16532
kenya,2009,3058.14906
kyrgyzstan,2009,4053.88964
cambodia,2009,2498.362445
kiribati,2009,2635.59129
saint kitts and nevis,2009,24470.42016
south korea,2009,32312.88003
kuwait,2009,70105.48692
lao,2009,4434.991046
lebanon,2009,18470.48039
liberia,2009,1303.892719
libya,2009,18083.09796
saint lucia,2009,13541.96931
liechtenstein,2009,109025.1935
sri lanka,2009,8424.438251
lesotho,2009,2916.204121
lithuania,2009,23068.45458
luxembourg,2009,67785.36384
latvia,2009,22701.32514
morocco,2009,6044.968224
monaco,2009,6044.968224
moldova,2009,8382.030556
madagascar,2009,1571.309425
maldives,2009,13877.43754
mexico,2009,16875.67194
marshall islands,2009,4129.404839
north macedonia,2009,13046.265
mali,2009,1947.600342
malta,2009,29769.12819
myanmar,2009,2518.247738
montenegro,2009,16362.48821
mongolia,2009,7001.641084
mozambique,2009,968.4701108
mauritania,2009,4740.631945
mauritius,2009,16482.91291
malawi,2009,1294.266832
malaysia,2009,19041.72032
namibia,2009,8420.316523
niger,2009,1046.519372
nigeria,2009,4428.627407
nicaragua,2009,4359.468616
netherlands,2009,51580.00959
norway,2009,63550.16598
nepal,2009,2620.303562
nauru,2009,5626.479205
new zealand,2009,33741.26907
oman,2009,37782.20432
pakistan,2009,3829.371862
panama,2009,19485.59856
peru,2009,8806.392101
philippines,2009,6268.008357
palau,2009,16818.91756
papua new guinea,2009,2932.028941
poland,2009,22400.26843
north korea,2009,22400.26843
portugal,2009,29783.32249
paraguay,2009,9041.02233
"palestine, state of",2009,5583.260203
qatar,2009,83622.77418
romania,2009,20747.37719
russian federation,2009,22201.95573
rwanda,2009,1432.018416
saudi arabia,2009,44059.17278
sudan,2009,4484.057654
senegal,2009,2755.268538
singapore,2009,67385.68689
solomon islands,2009,2126.024839
sierra leone,2009,1486.220976
el salvador,2009,6984.857474
san marino,2009,73855.71679
somalia,2009,1048.740358
serbia,2009,14133.10377
south sudan,2009,2084.436605
sao tome and principe,2009,3223.165702
suriname,2009,16025.8166
slovakia,2009,25056.60008
slovenia,2009,33153.64189
sweden,2009,46941.0893
eswatini,2009,7105.764438
seychelles,2009,18457.00091
syrian arab republic,2009,7164.146815
chad,2009,1505.734574
togo,2009,1565.520809
thailand,2009,12986.90502
tajikistan,2009,2779.985128
turkmenistan,2009,11059.94872
timor-leste,2009,8149.907407
tonga,2009,5288.567375
trinidad and tobago,2009,26620.88515
tunisia,2009,10145.01319
turkey,2009,18541.48282
tuvalu,2009,4059.970187
tanzania,2009,1924.128556
uganda,2009,1802.649977
ukraine,2009,11099.32517
uruguay,2009,17404.48653
usa,2009,52795.10587
uzbekistan,2009,4499.637461
saint vincent and the grenadines,2009,11506.67603
venezuela,2009,19268.248
viet nam,2009,4659.132555
vanuatu,2009,3013.346393
samoa,2009,5906.688081
yemen,2009,3925.035508
south africa,2009,13145.82043
zambia,2009,2799.939636
zimbabwe,2009,2381.584309
afghanistan,2010,1938.315627
angola,2010,6911.740241
albania,2010,10643.05764
andorra,2010,48410.27165
united arab emirates,2010,54911.24407
argentina,2010,22734.96712
armenia,2010,9745.427269
antigua and barbuda,2010,17233.05965
australia,2010,42840.45928
austria,2010,52538.42144
azerbaijan,2010,13476.36462
burundi,2010,841.7400149
belgium,2010,48513.05855
benin,2010,2689.895595
burkina faso,2010,1667.904627
bangladesh,2010,3116.663201
bulgaria,2010,18187.954
bahrain,2010,40338.60774
bahamas,2010,35920.83007
bosnia and herzegovina,2010,11116.65297
belarus,2010,17009.02011
belize,2010,6626.182113
bolivia,2010,6292.090086
brazil,2010,14414.12776
barbados,2010,15208.6166
brunei,2010,67481.43261
bhutan,2010,7718.040284
botswana,2010,12580.34149
central african republic,2010,1218.180339
canada,2010,44528.55397
switzerland,2010,71188.41857
chile,2010,19744.92469
china,2010,8846.375847
ivory coast,2010,2702.006924
cameroon,2010,3193.326015
the democratic republic of the congo,2010,829.903219
congo,2010,4636.256784
colombia,2010,11347.09702
comoros,2010,2874.53591
cabo verde,2010,5928.474752
costa rica,2010,16318.32297
cuba,2010,7150.053355
cyprus,2010,37768.06792
czechia,2010,30855.38786
germany,2010,47554.22563
djibouti,2010,3084.829457
dominica,2010,12295.14706
denmark,2010,51409.125
dominican republic,2010,12327.3468
algeria,2010,10918.46514
ecuador,2010,10194.3705
egypt,2010,10135.98601
eritrea,2010,1419.075943
spain,2010,37173.6819
estonia,2010,23797.52137
ethiopia,2010,1256.754166
finland,2010,46138.47385
fiji,2010,10190.36561
france,2010,42771.58715
micronesia,2010,4157.561384
gabon,2010,12107.36342
uk,2010,41666.51526
georgia,2010,9581.980186
ghana,2010,3757.458926
guinea,2010,1850.039797
gambia,2010,2307.327416
guinea-bissau,2010,1738.971444
equatorial guinea,2010,19742.20078
greece,2010,32426.75908
grenada,2010,12502.10947
guatemala,2010,7154.329348
guyana,2010,9271.363136
hong kong,2010,52272.87898
honduras,2010,4647.567903
croatia,2010,23678.44612
haiti,2010,2905.829348
hungary,2010,23597.39481
indonesia,2010,8058.514219
india,2010,4189.433074
ireland,2010,41667.89887
iran,2010,13812.72186
iraq,2010,8679.985923
iceland,2010,37384.16258
israel,2010,32085.50509
italy,2010,42150.60535
jamaica,2010,9089.00397
jordan,2010,11229.70337
japan,2010,39152.92818
kazakhstan,2010,17976.27447
kenya,2010,3246.81456
kyrgyzstan,2010,3889.734936
cambodia,2010,2602.172685
kiribati,2010,2724.164428
saint kitts and nevis,2010,24254.5162
south korea,2010,34443.54124
kuwait,2010,65518.94118
lao,2010,4547.982796
lebanon,2010,19248.7465
liberia,2010,1334.641591
libya,2010,18662.58731
saint lucia,2010,13547.06624
liechtenstein,2010,114105.8603
sri lanka,2010,9041.182312
lesotho,2010,3004.195059
lithuania,2010,23319.32486
luxembourg,2010,75754.521
latvia,2010,20902.91306
morocco,2010,6196.297658
monaco,2010,6196.297658
moldova,2010,9147.874347
madagascar,2010,1532.139834
maldives,2010,14199.80449
mexico,2010,17575.83104
marshall islands,2010,4242.328294
north macedonia,2010,13364.5355
mali,2010,2000.079768
malta,2010,31289.63547
myanmar,2010,2694.960963
montenegro,2010,16632.47158
mongolia,2010,6956.991224
mozambique,2010,995.2601972
mauritania,2010,4610.543008
mauritius,2010,16937.87407
malawi,2010,1344.092199
malaysia,2010,19877.39615
namibia,2010,8589.060597
niger,2010,1093.314361
nigeria,2010,4635.558111
nicaragua,2010,4501.692155
netherlands,2010,52227.99073
norway,2010,64988.87524
nepal,2010,2722.899691
nauru,2010,6431.276714
new zealand,2010,34114.89481
oman,2010,36021.0644
pakistan,2010,3835.512924
panama,2010,19709.25201
peru,2010,9317.266284
philippines,2010,6600.766809
palau,2010,17068.63254
papua new guinea,2010,3151.262314
poland,2010,23207.36326
north korea,2010,23207.36326
portugal,2010,30139.45026
paraguay,2010,9908.752523
"palestine, state of",2010,5735.492491
qatar,2010,86331.42965
romania,2010,20075.41853
russian federation,2010,23185.28566
rwanda,2010,1495.115097
saudi arabia,2010,44723.27447
sudan,2010,4337.199423
senegal,2010,2774.910198
singapore,2010,77934.22796
solomon islands,2010,2314.734737
sierra leone,2010,1424.126763
el salvador,2010,7122.917511
san marino,2010,71403.10317
somalia,2010,1046.88335
serbia,2010,14211.49905
south sudan,2010,2029.553038
sao tome and principe,2010,3367.691641
suriname,2010,16233.1203
slovakia,2010,26036.87643
slovenia,2010,32747.03725
sweden,2010,49372.47949
eswatini,2010,7101.517382
seychelles,2010,20108.74922
syrian arab republic,2010,7324.896049
chad,2010,1669.431478
togo,2010,1614.935947
thailand,2010,13795.84373
tajikistan,2010,2961.621117
turkmenistan,2010,12185.29259
timor-leste,2010,9695.40749
tonga,2010,5332.265468
trinidad and tobago,2010,27481.11974
tunisia,2010,10309.12234
turkey,2010,19908.96467
tuvalu,2010,3988.288064
tanzania,2010,1971.979768
uganda,2010,1843.349609
ukraine,2010,11795.40101
uruguay,2010,18614.31477
usa,2010,54265.33606
uzbekistan,2010,4943.025175
saint vincent and the grenadines,2010,11139.20682
venezuela,2010,18702.897
viet nam,2010,4922.812426
vanuatu,2010,2991.247208
samoa,2010,6053.161282
yemen,2010,3902.233535
south africa,2010,13354.96125
zambia,2010,2872.004712
zimbabwe,2010,2817.502775
afghanistan,2011,1999.653042
angola,2011,6885.53639
albania,2011,11056.64517
andorra,2011,48812.02903
united arab emirates,2011,56152.06467
argentina,2011,23944.3551
armenia,2011,10072.89566
antigua and barbuda,2011,16539.63424
australia,2011,44205.31566
austria,2011,53124.04133
azerbaijan,2011,12980.47536
burundi,2011,846.0294333
belgium,2011,47497.60421
benin,2011,2704.030136
burkina faso,2011,1705.359774
bangladesh,2011,3273.90474
bulgaria,2011,18481.03764
bahrain,2011,37755.99605
bahamas,2011,35756.02322
bosnia and herzegovina,2011,11267.26683
belarus,2011,17880.6942
belize,2011,6807.410431
bolivia,2011,6535.789314
brazil,2011,14925.8874
barbados,2011,14444.82048
brunei,2011,67386.7062
bhutan,2011,8178.915986
botswana,2011,13459.90702
central african republic,2011,1259.221163
canada,2011,45969.25364
switzerland,2011,68805.06719
chile,2011,20732.94409
china,2011,9589.872363
ivory coast,2011,2505.976647
cameroon,2011,3211.002
the democratic republic of the congo,2011,847.5357676
congo,2011,4475.862804
colombia,2011,11930.28232
comoros,2011,2921.369471
cabo verde,2011,6119.907189
costa rica,2011,16811.46478
cuba,2011,7394.688924
cyprus,2011,38482.67954
czechia,2011,30812.07437
germany,2011,50108.04686
djibouti,2011,3423.743208
dominica,2011,12236.06264
denmark,2011,51652.6725
dominican republic,2011,12529.5448
algeria,2011,10945.42525
ecuador,2011,10814.2554
egypt,2011,10031.42871
eritrea,2011,1761.437803
spain,2011,36262.31549
estonia,2011,25900.41923
ethiopia,2011,1358.033249
finland,2011,46338.34586
fiji,2011,10425.71399
france,2011,43324.1221
micronesia,2011,4268.065578
gabon,2011,11980.61836
uk,2011,41872.23405
georgia,2011,10268.19764
ghana,2011,4120.795406
guinea,2011,1894.945895
gambia,2011,2046.164707
guinea-bissau,2011,1850.401518
equatorial guinea,2011,20366.20055
greece,2011,28849.61236
grenada,2011,12675.81463
guatemala,2011,7297.912703
guyana,2011,9630.015485
hong kong,2011,54802.55324
honduras,2011,4697.331439
croatia,2011,23773.74945
haiti,2011,3011.380271
hungary,2011,23814.05863
indonesia,2011,8430.620607
india,2011,4361.090551
ireland,2011,41143.12106
iran,2011,14011.26821
iraq,2011,8922.675892
iceland,2011,39273.83731
israel,2011,33026.89275
italy,2011,42043.25452
jamaica,2011,9215.326794
jordan,2011,10921.28119
japan,2011,38863.25616
kazakhstan,2011,18264.09656
kenya,2011,3402.901672
kyrgyzstan,2011,3867.145395
cambodia,2011,2736.294927
kiribati,2011,2594.087007
saint kitts and nevis,2011,24533.43415
south korea,2011,35598.27827
kuwait,2011,66856.94387
lao,2011,4815.017769
lebanon,2011,18628.30996
liberia,2011,1398.769059
libya,2011,9229.557288
saint lucia,2011,14251.38425
liechtenstein,2011,101656.9339
sri lanka,2011,9746.385707
lesotho,2011,2937.125676
lithuania,2011,24538.41744
luxembourg,2011,76932.51077
latvia,2011,21970.60507
morocco,2011,6415.332138
monaco,2011,6415.332138
moldova,2011,9659.308093
madagascar,2011,1515.81552
maldives,2011,15056.72855
mexico,2011,17892.18263
marshall islands,2011,4240.101358
north macedonia,2011,13606.37929
mali,2011,2007.607523
malta,2011,32203.80094
myanmar,2011,2846.926656
montenegro,2011,17408.12004
mongolia,2011,7981.423111
mozambique,2011,1056.245836
mauritania,2011,4595.369735
mauritius,2011,17443.41474
malawi,2011,1369.537547
malaysia,2011,20773.27907
namibia,2011,8965.820525
niger,2011,1085.1152
nigeria,2011,4758.77867
nicaragua,2011,4724.374635
netherlands,2011,53010.90773
norway,2011,67037.8291
nepal,2011,2805.960198
nauru,2011,6965.96803
new zealand,2011,35069.11343
oman,2011,34868.09265
pakistan,2011,3873.460978
panama,2011,22130.70521
peru,2011,9796.887413
philippines,2011,6697.516565
palau,2011,18214.66845
papua new guinea,2011,3049.077815
poland,2011,24307.20371
north korea,2011,24307.20371
portugal,2011,29884.279
paraguay,2011,10334.62582
"palestine, state of",2011,6183.913701
qatar,2011,91383.97812
romania,2011,20537.17243
russian federation,2011,24157.0564
rwanda,2011,1574.15205
saudi arabia,2011,47852.01671
sudan,2011,4614.505527
senegal,2011,2718.221423
singapore,2011,78864.11916
solomon islands,2011,2366.379699
sierra leone,2011,1442.71507
el salvador,2011,7355.606685
san marino,2011,63729.09125
somalia,2011,1045.251694
serbia,2011,14350.26508
south sudan,2011,2077.097
sao tome and principe,2011,3438.242283
suriname,2011,16365.28625
slovakia,2011,26028.31272
slovenia,2011,32656.29801
sweden,2011,50027.63039
eswatini,2011,7139.315816
seychelles,2011,20821.04164
syrian arab republic,2011,13285.59444
chad,2011,1628.403869
togo,2011,1777.81732
thailand,2011,14101.94778
tajikistan,2011,2837.980273
turkmenistan,2011,13434.76844
timor-leste,2011,11658.06795
tonga,2011,5699.446117
trinidad and tobago,2011,25456.22639
tunisia,2011,10050.71988
turkey,2011,21780.12349
tuvalu,2011,3921.238902
tanzania,2011,2060.728598
uganda,2011,1955.942554
ukraine,2011,12320.17058
uruguay,2011,19578.65067
usa,2011,54949.54774
uzbekistan,2011,5275.207055
saint vincent and the grenadines,2011,11073.09644
venezuela,2011,19201.512
viet nam,2011,5148.770463
vanuatu,2011,3024.658712
samoa,2011,5959.794044
yemen,2011,3161.129536
south africa,2011,13514.30361
zambia,2011,2873.031079
zimbabwe,2011,3154.375903
afghanistan,2012,2125.862821
angola,2012,7280.845666
albania,2012,11146.26303
andorra,2012,47126.81461
united arab emirates,2012,57445.95475
argentina,2012,23557.51314
armenia,2012,10830.55372
antigua and barbuda,2012,16745.79664
australia,2012,44878.41764
austria,2012,52887.1943
azerbaijan,2012,13262.756
burundi,2012,860.4779094
belgium,2012,48583.46685
benin,2012,2743.557061
burkina faso,2012,1788.801284
bangladesh,2012,3462.220186
bulgaria,2012,19080.57753
bahrain,2012,43372.15056
bahamas,2012,36161.31277
bosnia and herzegovina,2012,11345.89492
belarus,2012,18187.94372
belize,2012,6727.632762
bolivia,2012,6608.287066
brazil,2012,15088.3882
barbados,2012,14760.85576
brunei,2012,67317.78769
bhutan,2012,8355.435085
botswana,2012,13995.38295
central african republic,2012,1317.845192
canada,2012,46117.10158
switzerland,2012,69805.01371
chile,2012,22097.83875
china,2012,10346.76891
ivory coast,2012,2667.825058
cameroon,2012,3252.776182
the democratic republic of the congo,2012,870.2847181
congo,2012,5053.148534
colombia,2012,12344.80859
comoros,2012,2940.241995
cabo verde,2012,6087.399757
costa rica,2012,17457.3481
cuba,2012,7617.849884
cyprus,2012,35413.63337
czechia,2012,30967.18755
germany,2012,50123.5299
djibouti,2012,3807.416605
dominica,2012,12114.5372
denmark,2012,51814.35144
dominican republic,2012,12707.22497
algeria,2012,11066.79725
ecuador,2012,11255.83603
egypt,2012,10055.57658
eritrea,2012,1774.709504
spain,2012,35416.02265
estonia,2012,27110.35149
ethiopia,2012,1434.245449
finland,2012,45340.26397
fiji,2012,10486.08722
france,2012,43009.1157
micronesia,2012,4145.985992
gabon,2012,13013.32314
uk,2012,41700.4797
georgia,2012,11196.55969
ghana,2012,4303.46166
guinea,2012,1969.292299
gambia,2012,2092.378476
guinea-bissau,2012,1769.702341
equatorial guinea,2012,21808.4842
greece,2012,27795.0881
grenada,2012,12426.59763
guatemala,2012,7437.35323
guyana,2012,10125.12291
hong kong,2012,54722.85329
honduras,2012,4729.263681
croatia,2012,23275.98481
haiti,2012,2985.249076
hungary,2012,23596.14241
indonesia,2012,8819.450844
india,2012,4529.016173
ireland,2012,40945.23159
iran,2012,12896.64969
iraq,2012,9860.994781
iceland,2012,40751.37618
israel,2012,33231.73289
italy,2012,40576.27663
jamaica,2012,9306.382492
jordan,2012,10562.26491
japan,2012,39328.17159
kazakhstan,2012,19217.17935
kenya,2012,3432.866608
kyrgyzstan,2012,4160.447227
cambodia,2012,2869.323018
kiribati,2012,2917.619539
saint kitts and nevis,2012,23949.32511
south korea,2012,36410.47352
kuwait,2012,67190.48478
lao,2012,5161.40393
lebanon,2012,17964.63874
liberia,2012,1467.404727
libya,2012,16671.4704
saint lucia,2012,13999.38477
liechtenstein,2012,90018.01203
sri lanka,2012,10541.47321
lesotho,2012,3004.064818
lithuania,2012,25601.69818
luxembourg,2012,85299.29025
latvia,2012,23245.50419
morocco,2012,6496.05825
monaco,2012,6496.05825
moldova,2012,9835.445363
madagascar,2012,1496.277412
maldives,2012,14980.45541
mexico,2012,18233.04546
marshall islands,2012,3956.773561
north macedonia,2012,13472.13216
mali,2012,1928.19902
malta,2012,32462.76512
myanmar,2012,2997.036412
montenegro,2012,17062.97966
mongolia,2012,8824.576367
mozambique,2012,1116.823506
mauritania,2012,4636.124825
mauritius,2012,18870.83772
malawi,2012,1356.039974
malaysia,2012,21302.85562
namibia,2012,9268.750223
niger,2012,1122.285381
nigeria,2012,4848.225457
nicaragua,2012,4901.973689
netherlands,2012,52495.66202
norway,2012,68432.67946
nepal,2012,2942.388751
nauru,2012,7838.00379
new zealand,2012,35441.88481
oman,2012,35292.75329
pakistan,2012,3924.479886
panama,2012,23552.35182
peru,2012,10448.87879
philippines,2012,7055.385918
palau,2012,18412.20426
papua new guinea,2012,3275.397147
poland,2012,24660.27546
north korea,2012,24660.27546
portugal,2012,28625.27535
paraguay,2012,10038.18831
"palestine, state of",2012,6438.215213
qatar,2012,90093.22967
romania,2012,20942.67019
russian federation,2012,25053.79345
rwanda,2012,1660.330408
saudi arabia,2012,48932.66423
sudan,2012,4343.172226
senegal,2012,2746.975976
singapore,2012,79913.62743
solomon islands,2012,2407.934942
sierra leone,2012,1702.51524
el salvador,2012,7447.703934
san marino,2012,53399.67319
somalia,2012,1043.810247
serbia,2012,14420.03479
south sudan,2012,954.326
sao tome and principe,2012,3396.457512
suriname,2012,16988.56216
slovakia,2012,26525.60546
slovenia,2012,31428.41024
sweden,2012,49432.59605
eswatini,2012,7430.895634
seychelles,2012,22260.9096
syrian arab republic,2012,8656.545671
chad,2012,1716.422671
togo,2012,1749.418448
thailand,2012,14717.81103
tajikistan,2012,3092.748608
turkmenistan,2012,14100.61964
timor-leste,2012,10104.64368
tonga,2012,5795.075725
trinidad and tobago,2012,26253.28163
tunisia,2012,10392.25355
turkey,2012,22475.58784
tuvalu,2012,4361.456216
tanzania,2012,2099.059624
uganda,2012,1955.886259
ukraine,2012,12839.41011
uruguay,2012,19381.35212
usa,2012,56402.58237
uzbekistan,2012,5599.849102
saint vincent and the grenadines,2012,11370.47393
venezuela,2012,19990.746
viet nam,2012,5371.785971
vanuatu,2012,2865.599326
samoa,2012,5683.651395
yemen,2012,3152.900024
south africa,2012,13602.25352
zambia,2012,3333.576512
zimbabwe,2012,3618.629526
afghanistan,2013,2193.553936
angola,2013,7478.104777
albania,2013,11552.98247
andorra,2013,46385.0952
united arab emirates,2013,60005.69536
argentina,2013,23915.41972
armenia,2013,11351.53875
antigua and barbuda,2013,16722.97555
australia,2013,45260.60917
austria,2013,52625.83517
azerbaijan,2013,13958.10444
burundi,2013,878.1187171
belgium,2013,48783.26894
benin,2013,2861.120591
burkina faso,2013,1834.881492
bangladesh,2013,3614.372724
bulgaria,2013,18915.57655
bahrain,2013,44935.818
bahamas,2013,34438.39196
bosnia and herzegovina,2013,11878.91698
belarus,2013,18128.3195
belize,2013,6677.827034
bolivia,2013,6937.038027
brazil,2013,15584.11902
barbados,2013,14453.26863
brunei,2013,66079.80508
bhutan,2013,8517.974126
botswana,2013,15007.46945
central african republic,2013,839.1221207
canada,2013,46909.89758
switzerland,2013,69539.14942
chile,2013,22815.82741
china,2013,11012.37325
ivory coast,2013,2843.258121
cameroon,2013,3310.463486
the democratic republic of the congo,2013,875.3660951
congo,2013,5077.679948
colombia,2013,12902.5132
comoros,2013,3004.90976
cabo verde,2013,6106.201391
costa rica,2013,17594.06705
cuba,2013,7822.470876
cyprus,2013,33007.80248
czechia,2013,31223.31804
germany,2013,50314.54101
djibouti,2013,3984.464639
dominica,2013,11997.30479
denmark,2013,52812.58307
dominican republic,2013,13067.09635
algeria,2013,11077.58045
ecuador,2013,11633.97078
egypt,2013,10016.17801
eritrea,2013,1573.960206
spain,2013,35204.72455
estonia,2013,28361.78899
ethiopia,2013,1541.762481
finland,2013,44871.50214
fiji,2013,11174.36971
france,2013,43213.27903
micronesia,2013,3940.037944
gabon,2013,13459.73799
uk,2013,42026.76323
georgia,2013,11544.51495
ghana,2013,4623.712983
guinea,2013,1933.790491
gambia,2013,2086.160286
guinea-bissau,2013,1736.28375
equatorial guinea,2013,21134.33022
greece,2013,27200.16825
grenada,2013,12734.95982
guatemala,2013,7557.667802
guyana,2013,10345.83647
hong kong,2013,56334.58765
honduras,2013,4777.746731
croatia,2013,23583.58042
haiti,2013,3063.860351
hungary,2013,24483.8189
indonesia,2013,9171.014234
india,2013,4758.303085
ireland,2013,43349.89161
iran,2013,12711.73086
iraq,2013,10104.78849
iceland,2013,46066.78901
israel,2013,34530.46471
italy,2013,39517.53859
jamaica,2013,9213.48975
jordan,2013,10314.95721
japan,2013,40275.25131
kazakhstan,2013,21068.97379
kenya,2013,3445.657082
kyrgyzstan,2013,4379.803244
cambodia,2013,3062.342747
kiribati,2013,3258.613856
saint kitts and nevis,2013,25112.64024
south korea,2013,37248.45937
kuwait,2013,66072.10343
lao,2013,5527.596205
lebanon,2013,17437.60574
liberia,2013,1552.5827
libya,2013,13812.40286
saint lucia,2013,13695.79921
liechtenstein,2013,102002.0218
sri lanka,2013,10748.55286
lesotho,2013,2998.102546
lithuania,2013,26958.98289
luxembourg,2013,80965.91409
latvia,2013,24172.55493
morocco,2013,6738.780232
monaco,2013,6738.780232
moldova,2013,10735.73531
madagascar,2013,1486.198892
maldives,2013,15088.5491
mexico,2013,18061.00979
marshall islands,2013,4238.739586
north macedonia,2013,13813.84666
mali,2013,1928.51529
malta,2013,33661.96666
myanmar,2013,3210.391303
montenegro,2013,17700.79268
mongolia,2013,9903.99011
mozambique,2013,1163.397474
mauritania,2013,4699.217815
mauritius,2013,20120.23012
malawi,2013,1386.630627
malaysia,2013,22088.9007
namibia,2013,9979.121655
niger,2013,1142.618784
nigeria,2013,5045.010114
nicaragua,2013,5028.767816
netherlands,2013,52116.77307
norway,2013,68383.25839
nepal,2013,3053.149939
nauru,2013,8475.056988
new zealand,2013,37132.03938
oman,2013,35221.41724
pakistan,2013,4006.327569
panama,2013,24829.3662
peru,2013,11112.59152
philippines,2013,7458.801515
palau,2013,17858.55621
papua new guinea,2013,3228.860857
poland,2013,24971.27568
north korea,2013,24971.27568
portugal,2013,29016.09421
paraguay,2013,10762.37759
"palestine, state of",2013,6653.213036
qatar,2013,90598.69022
romania,2013,21878.99577
russian federation,2013,25335.32544
rwanda,2013,1690.7467
saudi arabia,2013,48894.56108
sudan,2013,4268.25179
senegal,2013,2734.087862
singapore,2013,81673.93973
solomon islands,2013,2600.292942
sierra leone,2013,1935.470065
el salvador,2013,7541.352768
san marino,2013,54372.70707
somalia,2013,1080.816124
serbia,2013,14803.48419
south sudan,2013,1194.569
sao tome and principe,2013,3589.006034
suriname,2013,17533.28437
slovakia,2013,26771.66693
slovenia,2013,31285.91288
sweden,2013,49541.43776
eswatini,2013,7844.002634
seychelles,2013,23169.25013
syrian arab republic,2013,5408.278142
chad,2013,1713.528531
togo,2013,1815.490768
thailand,2013,14759.55225
tajikistan,2013,3613.099203
turkmenistan,2013,14022.45768
timor-leste,2013,8860.258391
tonga,2013,5843.639792
trinidad and tobago,2013,27593.19075
tunisia,2013,10480.33431
turkey,2013,23937.16912
tuvalu,2013,4613.221665
tanzania,2013,2172.728288
uganda,2013,1959.62118
ukraine,2013,12824.77342
uruguay,2013,20666.30667
usa,2013,56904.62415
uzbekistan,2013,5977.987646
saint vincent and the grenadines,2013,11624.45716
venezuela,2013,19973.024
viet nam,2013,5588.797805
vanuatu,2013,2929.854856
samoa,2013,5675.889504
yemen,2013,3212.651579
south africa,2013,13732.25252
zambia,2013,3389.47894
zimbabwe,2013,3632.111591
afghanistan,2014,2178.507021
angola,2014,7704.231949
albania,2014,11691.64829
andorra,2014,48483.72032
united arab emirates,2014,62573.50531
argentina,2014,23087.86964
armenia,2014,11518.60475
antigua and barbuda,2014,17119.31079
australia,2014,45851.64201
austria,2014,52720.29769
azerbaijan,2014,14481.31337
burundi,2014,884.172209
belgium,2014,49281.30405
benin,2014,2962.296501
burkina faso,2014,1827.353699
bangladesh,2014,3742.516573
bulgaria,2014,19464.43982
bahrain,2014,45615.58247
bahamas,2014,34482.273
bosnia and herzegovina,2014,12166.00844
belarus,2014,18522.02546
belize,2014,6746.986802
bolivia,2014,7313.415069
brazil,2014,15454.76924
barbados,2014,14407.77446
brunei,2014,64338.12601
bhutan,2014,8895.679604
botswana,2014,16148.37428
central african republic,2014,837.6309621
canada,2014,47500.43097
switzerland,2014,69019.26094
chile,2014,23261.50787
china,2014,11866.35433
ivory coast,2014,4150.413316
cameroon,2014,3443.009493
the democratic republic of the congo,2014,931.7848699
congo,2014,5507.312883
colombia,2014,13432.16118
comoros,2014,2999.136448
cabo verde,2014,5970.961186
costa rica,2014,17919.03127
cuba,2014,7878.597597
cyprus,2014,32270.91228
czechia,2014,32119.85559
germany,2014,51268.8727
djibouti,2014,4205.491821
dominica,2014,12533.22462
denmark,2014,53998.28993
dominican republic,2014,13814.06229
algeria,2014,11242.29072
ecuador,2014,11887.546
egypt,2014,10099.75288
eritrea,2014,2042.185269
spain,2014,35796.00345
estonia,2014,29532.96608
ethiopia,2014,1652.126111
finland,2014,45016.4823
fiji,2014,11465.92201
france,2014,43562.21508
micronesia,2014,3794.663738
gabon,2014,14661.96273
uk,2014,43236.64235
georgia,2014,12111.97028
ghana,2014,4537.170026
guinea,2014,1993.622758
gambia,2014,1992.159137
guinea-bissau,2014,1803.191952
equatorial guinea,2014,20704.00467
greece,2014,27850.41613
grenada,2014,12844.95119
guatemala,2014,7734.793394
guyana,2014,11062.1673
hong kong,2014,57612.88188
honduras,2014,4783.560934
croatia,2014,23578.51131
haiti,2014,3076.331787
hungary,2014,25259.66574
indonesia,2014,9472.816898
india,2014,5056.665926
ireland,2014,46428.53601
iran,2014,13078.65731
iraq,2014,9743.876802
iceland,2014,46529.7034
israel,2014,35876.7937
italy,2014,39490.18497
jamaica,2014,9242.289334
jordan,2014,10170.84249
japan,2014,40482.79312
kazakhstan,2014,21752.92385
kenya,2014,3542.10425
kyrgyzstan,2014,4540.283615
cambodia,2014,3195.928321
kiribati,2014,3705.649317
saint kitts and nevis,2014,26349.63781
south korea,2014,38144.21084
kuwait,2014,64205.53624
lao,2014,5920.13672
lebanon,2014,16794.97735
liberia,2014,1523.60259
libya,2014,10753.74104
saint lucia,2014,13276.47931
liechtenstein,2014,105224.7206
sri lanka,2014,11181.46391
lesotho,2014,2951.831616
lithuania,2014,28610.72871
luxembourg,2014,83495.1083
latvia,2014,24833.9538
morocco,2014,6754.424121
monaco,2014,6754.424121
moldova,2014,11204.00807
madagascar,2014,1505.548661
maldives,2014,15720.58858
mexico,2014,18423.54338
marshall islands,2014,4361.535384
north macedonia,2014,14359.46958
mali,2014,2019.311879
malta,2014,35403.22009
myanmar,2014,3427.808642
montenegro,2014,17892.61687
mongolia,2014,10189.2346
mozambique,2014,1205.310147
mauritania,2014,4722.797963
mauritius,2014,20835.01678
malawi,2014,1425.155709
malaysia,2014,23108.6483
namibia,2014,10368.18257
niger,2014,1178.015491
nigeria,2014,5311.162154
nicaragua,2014,5257.845956
netherlands,2014,51659.69255
norway,2014,68778.77611
nepal,2014,3263.276741
nauru,2014,11012.52406
new zealand,2014,37808.10649
oman,2014,33000.36443
pakistan,2014,4105.228942
panama,2014,24968.40656
peru,2014,11339.08417
philippines,2014,7789.275253
palau,2014,18788.42494
papua new guinea,2014,3841.677693
poland,2014,25724.2512
north korea,2014,25724.2512
portugal,2014,29339.43433
paraguay,2014,11221.46549
"palestine, state of",2014,6611.061292
qatar,2014,91347.51852
romania,2014,23006.38141
russian federation,2014,25127.72727
rwanda,2014,1739.974325
saudi arabia,2014,49392.35184
sudan,2014,4571.167508
senegal,2014,2816.842477
singapore,2014,85475.09886
solomon islands,2014,2522.648632
sierra leone,2014,1949.725129
el salvador,2014,7634.715924
san marino,2014,53001.20328
somalia,2014,1091.0514
serbia,2014,14648.10775
south sudan,2014,1191.754
sao tome and principe,2014,3782.090586
suriname,2014,17606.3111
slovakia,2014,27334.58386
slovenia,2014,32490.85685
sweden,2014,50311.7708
eswatini,2014,7857.950772
seychelles,2014,23452.55824
syrian arab republic,2014,4515.284252
chad,2014,1778.178957
togo,2014,1880.964747
thailand,2014,15038.44001
tajikistan,2014,3532.37459
turkmenistan,2014,14348.73275
timor-leste,2014,7134.672228
tonga,2014,5900.359576
trinidad and tobago,2014,27041.19649
tunisia,2014,10750.96464
turkey,2014,24762.23574
tuvalu,2014,4377.057348
tanzania,2014,2248.082321
uganda,2014,1988.490664
ukraine,2014,12237.29245
uruguay,2014,21004.10273
usa,2014,58314.25546
uzbekistan,2014,6258.947949
saint vincent and the grenadines,2014,11422.1553
venezuela,2014,18928.272
viet nam,2014,5830.68531
vanuatu,2014,3031.763329
samoa,2014,5757.48605
yemen,2014,2775.842952
south africa,2014,13700.83456
zambia,2014,3263.039162
zimbabwe,2014,3644.856047
afghanistan,2015,2101.589319
angola,2015,7652.656486
albania,2015,12016.2976
andorra,2015,49936.87454
united arab emirates,2015,65577.51224
argentina,2015,23508.76738
armenia,2015,11774.34934
antigua and barbuda,2015,17679.66135
australia,2015,46307.57617
austria,2015,52450.23877
azerbaijan,2015,14405.94934
burundi,2015,824.8696219
belgium,2015,50027.9913
benin,2015,2922.065347
burkina faso,2015,1839.270697
bangladesh,2015,3936.276588
bulgaria,2015,19798.96986
bahrain,2015,45441.14762
bahamas,2015,34554.60314
bosnia and herzegovina,2015,12719.39655
belarus,2015,17544.19914
belize,2015,6960.046024
bolivia,2015,7718.194007
brazil,2015,14780.05656
barbados,2015,14687.44585
brunei,2015,66409.2109
bhutan,2015,9370.597632
botswana,2015,15177.91893
central african republic,2015,869.8259183
canada,2015,46417.51312
switzerland,2015,70410.26815
chile,2015,23730.28359
china,2015,12552.18518
ivory coast,2015,4322.056408
cameroon,2015,3522.297048
the democratic republic of the congo,2015,982.6495957
congo,2015,5080.41431
colombia,2015,13901.52184
comoros,2015,2970.772257
cabo verde,2015,6035.221038
costa rica,2015,18327.60822
cuba,2015,8217.14833
cyprus,2015,34243.04912
czechia,2015,33841.91996
germany,2015,52200.62642
djibouti,2015,4453.630735
dominica,2015,11929.38956
denmark,2015,54690.48924
dominican republic,2015,14694.1036
algeria,2015,11421.66895
ecuador,2015,11685.75729
egypt,2015,10382.27283
eritrea,2015,1605.846784
spain,2015,37383.58643
estonia,2015,30361.38783
ethiopia,2015,1771.947958
finland,2015,45628.12268
fiji,2015,11790.47851
france,2015,44323.97472
micronesia,2015,3917.472512
gabon,2015,14167.7361
uk,2015,44136.35045
georgia,2015,12334.6582
ghana,2015,4637.531298
guinea,2015,2053.403321
gambia,2015,2009.001962
guinea-bissau,2015,1847.650997
equatorial guinea,2015,21324.1916
greece,2015,28208.72
grenada,2015,13219.27937
guatemala,2015,7932.534306
guyana,2015,10987.05531
hong kong,2015,58445.62821
honduras,2015,4927.099416
croatia,2015,24734.00015
haiti,2015,3110.377887
hungary,2015,26281.74257
indonesia,2015,9815.404496
india,2015,5401.490996
ireland,2015,55490.8464
iran,2015,12730.15472
iraq,2015,9859.834601
iceland,2015,48904.51421
israel,2015,36704.39549
italy,2015,39796.6249
jamaica,2015,9184.322717
jordan,2015,10032.8831
japan,2015,41874.21537
kazakhstan,2015,23136.8885
kenya,2015,3675.554026
kyrgyzstan,2015,4632.765992
cambodia,2015,3329.290811
kiribati,2015,4484.719183
saint kitts and nevis,2015,26383.79782
south korea,2015,38948.32998
kuwait,2015,61203.47424
lao,2015,6252.660836
lebanon,2015,16178.16274
liberia,2015,1484.924981
libya,2015,10854.91959
saint lucia,2015,12895.19596
liechtenstein,2015,106691.3759
sri lanka,2015,11600.29333
lesotho,2015,3046.013954
lithuania,2015,29301.09772
luxembourg,2015,74254.42678
latvia,2015,25952.38949
morocco,2015,6991.730986
monaco,2015,6991.730986
moldova,2015,10957.02179
madagascar,2015,1494.630382
maldives,2015,15717.36243
mexico,2015,18777.73886
marshall islands,2015,4747.619065
north macedonia,2015,14686.7385
mali,2015,2091.013072
malta,2015,37716.50048
myanmar,2015,3504.411587
montenegro,2015,18649.82217
mongolia,2015,10239.78955
mozambique,2015,1240.456932
mauritania,2015,4887.008709
mauritius,2015,21657.23264
malawi,2015,1425.185701
malaysia,2015,24113.72839
namibia,2015,10659.96487
niger,2015,1187.645526
nigeria,2015,5356.223001
nicaragua,2015,5425.088815
netherlands,2015,52989.64531
norway,2015,66756.61403
nepal,2015,3376.943746
nauru,2015,15472.39748
new zealand,2015,38628.37835
oman,2015,33568.72682
pakistan,2015,4207.010308
panama,2015,26599.68394
peru,2015,11705.74373
philippines,2015,8143.543154
palau,2015,20005.08443
papua new guinea,2015,4009.373118
poland,2015,26821.51433
north korea,2015,26821.51433
portugal,2015,30186.54091
paraguay,2015,11388.39108
"palestine, state of",2015,6807.370011
qatar,2015,93931.58322
romania,2015,23639.21976
russian federation,2015,24770.75166
rwanda,2015,1853.475173
saudi arabia,2015,50124.98951
sudan,2015,4531.578287
senegal,2015,2903.302557
singapore,2015,83968.19969
solomon islands,2015,2472.041073
sierra leone,2015,1525.206701
el salvador,2015,7765.297992
san marino,2015,49223.39698
somalia,2015,1090.472563
serbia,2015,14858.915
south sudan,2015,1154.533
sao tome and principe,2015,3782.264172
suriname,2015,18218.41659
slovakia,2015,28268.82624
slovenia,2015,32738.32843
sweden,2015,51490.20301
eswatini,2015,7991.697489
seychelles,2015,24084.57792
syrian arab republic,2015,4782.924318
chad,2015,1803.785358
togo,2015,1981.773879
thailand,2015,15445.28656
tajikistan,2015,3479.011645
turkmenistan,2015,14808.95608
timor-leste,2015,5744.778703
tonga,2015,6002.930747
trinidad and tobago,2015,28684.3759
tunisia,2015,10793.65064
turkey,2015,25766.03064
tuvalu,2015,5298.985449
tanzania,2015,2310.042875
uganda,2015,2028.218794
ukraine,2015,11671.55321
uruguay,2015,21439.38802
usa,2015,59682.8778
uzbekistan,2015,6485.233243
saint vincent and the grenadines,2015,11637.726
venezuela,2015,17510.852
viet nam,2015,6055.98238
vanuatu,2015,2969.834779
samoa,2015,6222.783552
yemen,2015,1785.788608
south africa,2015,13694.72811
zambia,2015,3403.471444
zimbabwe,2015,3638.532892
afghanistan,2016,2077.566899
angola,2016,7189.426672
albania,2016,12484.6242
andorra,2016,52267.73832
united arab emirates,2016,66881.32974
argentina,2016,22694.2851
armenia,2016,11570.46772
antigua and barbuda,2016,18421.76805
australia,2016,46558.17827
austria,2016,53662.57417
azerbaijan,2016,13401.18041
burundi,2016,794.5204667
belgium,2016,50509.14666
benin,2016,2935.45155
burkina faso,2016,1893.155373
bangladesh,2016,4142.902911
bulgaria,2016,20532.41676
bahrain,2016,45331.79071
bahamas,2016,34055.54939
bosnia and herzegovina,2016,13215.3302
belarus,2016,17070.03342
belize,2016,6766.32689
bolivia,2016,8056.443085
brazil,2016,14143.48937
barbados,2016,15022.36929
brunei,2016,65044.6337
bhutan,2016,9850.590693
botswana,2016,15856.54951
central african republic,2016,903.077833
canada,2016,46340.41847
switzerland,2016,68993.42475
chile,2016,23781.35546
china,2016,13332.38637
ivory coast,2016,4512.459543
cameroon,2016,3574.466975
the democratic republic of the congo,2016,1034.917766
congo,2016,4304.605561
colombia,2016,14044.84239
comoros,2016,3003.504354
cabo verde,2016,6250.87307
costa rica,2016,18902.33613
cuba,2016,8241.72571
cyprus,2016,35044.10672
czechia,2016,34856.11653
germany,2016,53349.82314
djibouti,2016,4561.666499
dominica,2016,12361.6883
denmark,2016,55471.41408
dominican republic,2016,15462.20861
algeria,2016,11707.07707
ecuador,2016,11334.76401
egypt,2016,10646.46932
eritrea,2016,1707.304054
spain,2016,38616.27705
estonia,2016,31594.42466
ethiopia,2016,1888.608252
finland,2016,46502.46698
fiji,2016,12105.32007
france,2016,44814.41572
micronesia,2016,3905.073744
gabon,2016,14170.45668
uk,2016,44729.56153
georgia,2016,12382.40144
ghana,2016,4642.154745
guinea,2016,2213.959111
gambia,2016,1997.610808
guinea-bissau,2016,1916.35772
equatorial guinea,2016,19423.11989
greece,2016,28194.52399
grenada,2016,13914.87047
guatemala,2016,8028.858895
guyana,2016,11727.25724
hong kong,2016,59624.80273
honduras,2016,5020.829616
croatia,2016,25176.61379
haiti,2016,3126.953431
hungary,2016,27615.68144
indonesia,2016,10197.40112
india,2016,5732.913931
ireland,2016,59305.86957
iran,2016,14245.07437
iraq,2016,10906.04372
iceland,2016,52768.75433
israel,2016,37937.41307
italy,2016,41115.42705
jamaica,2016,9152.259979
jordan,2016,9959.457292
japan,2016,42421.08469
kazakhstan,2016,22005.08356
kenya,2016,4089.709912
kyrgyzstan,2016,4659.189545
cambodia,2016,3501.466995
kiribati,2016,3998.339731
saint kitts and nevis,2016,26913.35809
south korea,2016,39959.57395
kuwait,2016,60888.65689
lao,2016,6599.671395
lebanon,2016,15891.85225
liberia,2016,1425.324418
libya,2016,10430.01119
saint lucia,2016,13610.78582
liechtenstein,2016,126592.3497
sri lanka,2016,11961.24757
lesotho,2016,3165.809722
lithuania,2016,30786.23947
luxembourg,2016,77076.00087
latvia,2016,27395.61007
morocco,2016,6969.179337
monaco,2016,6969.179337
moldova,2016,11540.90096
madagascar,2016,1507.431247
maldives,2016,16155.58596
mexico,2016,19021.831
marshall islands,2016,4714.772323
north macedonia,2016,14934.67765
mali,2016,2137.343333
malta,2016,36635.29704
myanmar,2016,3891.244863
montenegro,2016,18948.91492
mongolia,2016,10176.56453
mozambique,2016,1247.861871
mauritania,2016,4852.883488
mauritius,2016,22415.60786
malawi,2016,1421.541999
malaysia,2016,24841.45459
namibia,2016,10270.48517
niger,2016,1188.941701
nigeria,2016,5160.489945
nicaragua,2016,5535.711714
netherlands,2016,53067.077
norway,2016,64795.49042
nepal,2016,3356.592607
nauru,2016,17303.06235
new zealand,2016,39558.75645
oman,2016,33687.5172
pakistan,2016,4337.277938
panama,2016,27197.93332
peru,2016,11899.5399
philippines,2016,8564.17134
palau,2016,19783.90768
papua new guinea,2016,4175.769454
poland,2016,27466.79559
north korea,2016,27466.79559
portugal,2016,31170.51606
paraguay,2016,11681.90319
"palestine, state of",2016,7258.742133
qatar,2016,94985.79979
romania,2016,24814.66283
russian federation,2016,24798.29278
rwanda,2016,1897.461532
saudi arabia,2016,49681.68654
sudan,2016,4587.178842
senegal,2016,2987.651416
singapore,2016,86277.83995
solomon islands,2016,2512.015248
sierra leone,2016,1430.636491
el salvador,2016,7879.035883
san marino,2016,49815.34772
somalia,2016,1088.129753
serbia,2016,15294.10288
south sudan,2016,970.485
sao tome and principe,2016,3889.557475
suriname,2016,17234.12239
slovakia,2016,28602.60814
slovenia,2016,34095.07338
sweden,2016,51813.28127
eswatini,2016,7872.750167
seychelles,2016,24513.60635
syrian arab republic,2016,4856.603798
chad,2016,1656.383789
togo,2016,1991.088196
thailand,2016,15993.77762
tajikistan,2016,3542.610803
turkmenistan,2016,14351.65759
timor-leste,2016,4516.076144
tonga,2016,6343.509777
trinidad and tobago,2016,26827.84272
tunisia,2016,10821.75244
turkey,2016,26159.38035
tuvalu,2016,5853.327793
tanzania,2016,2387.090895
uganda,2016,2051.754604
ukraine,2016,11649.48105
uruguay,2016,21673.66035
usa,2016,59969.35653
uzbekistan,2016,6725.763449
saint vincent and the grenadines,2016,11770.05999
venezuela,2016,14482.668
viet nam,2016,6313.486671
vanuatu,2016,3043.566834
samoa,2016,6401.83098
yemen,2016,1494.230811
south africa,2016,13545.35859
zambia,2016,3237.50565
zimbabwe,2016,3606.750671
afghanistan,2017,2085.487571
angola,2017,6861.575738
albania,2017,12802.14831
andorra,2017,52650.22576
united arab emirates,2017,67667.50846
argentina,2017,22996.67142
armenia,2017,12541.16263
antigua and barbuda,2017,18775.95101
australia,2017,47085.22714
austria,2017,53665.02668
azerbaijan,2017,13587.53119
burundi,2017,772.4022889
belgium,2017,50904.68909
benin,2017,3010.902854
burkina faso,2017,1967.634052
bangladesh,2017,4339.489843
bulgaria,2017,20986.65463
bahrain,2017,45033.83054
bahamas,2017,34332.57146
bosnia and herzegovina,2017,13638.41935
belarus,2017,17666.60161
belize,2017,6709.03456
bolivia,2017,8174.492977
brazil,2017,14253.07502
barbados,2017,15079.36912
brunei,2017,64617.63812
bhutan,2017,10174.70961
botswana,2017,16144.88027
central african republic,2017,959.3100891
canada,2017,47702.63749
switzerland,2017,68167.80327
chile,2017,23458.6445
china,2017,14224.86876
ivory coast,2017,4686.900473
cameroon,2017,3597.973425
the democratic republic of the congo,2017,1029.883308
congo,2017,3639.791356
colombia,2017,13912.22581
comoros,2017,3049.006179
cabo verde,2017,6413.999141
costa rica,2017,19283.51036
cuba,2017,8388.369
cyprus,2017,37163.37655
czechia,2017,36626.68558
germany,2017,54335.96281
djibouti,2017,4660.30902
dominica,2017,11060.97853
denmark,2017,56568.41589
dominican republic,2017,15941.67145
algeria,2017,11562.26587
ecuador,2017,11346.37257
egypt,2017,10801.02662
eritrea,2017,1519.965541
spain,2017,39543.65687
estonia,2017,33040.70655
ethiopia,2017,2009.557746
finland,2017,47593.88701
fiji,2017,12367.93824
france,2017,45584.57087
micronesia,2017,3964.990171
gabon,2017,14058.19505
uk,2017,45771.00186
georgia,2017,12924.2182
ghana,2017,4863.976199
guinea,2017,2405.948119
gambia,2017,2033.671644
guinea-bissau,2017,1929.166846
equatorial guinea,2017,16604.26721
greece,2017,28461.45581
grenada,2017,14465.19775
guatemala,2017,8147.871684
guyana,2017,11976.38567
hong kong,2017,62449.73774
honduras,2017,5221.810955
croatia,2017,26760.92548
haiti,2017,3165.56974
hungary,2017,28307.73017
indonesia,2017,10589.12645
india,2017,6116.059654
ireland,2017,61729.40784
iran,2017,14562.92467
iraq,2017,10445.36711
iceland,2017,53923.22172
israel,2017,38924.31301
italy,2017,41812.97134
jamaica,2017,9327.09002
jordan,2017,9953.727851
japan,2017,43040.54532
kazakhstan,2017,22157.8711
kenya,2017,4126.283437
kyrgyzstan,2017,4803.232306
cambodia,2017,3684.459668
kiribati,2017,4277.843684
saint kitts and nevis,2017,25739.42918
south korea,2017,41124.36929
kuwait,2017,58767.65534
lao,2017,6874.763168
lebanon,2017,15980.11283
liberia,2017,1424.468657
libya,2017,13686.02253
saint lucia,2017,14130.1393
liechtenstein,2017,141328.1835
sri lanka,2017,12250.94548
lesotho,2017,3031.409555
lithuania,2017,32541.17287
luxembourg,2017,82296.95125
latvia,2017,28601.52573
morocco,2017,7168.724522
monaco,2017,7168.724522
moldova,2017,12315.48679
madagascar,2017,1541.173158
maldives,2017,16631.32167
mexico,2017,19209.21915
marshall islands,2017,4771.761214
north macedonia,2017,15084.56736
mali,2017,2173.555623
malta,2017,38304.2029
myanmar,2017,4109.517194
montenegro,2017,20086.50445
mongolia,2017,9773.631152
mozambique,2017,1245.447702
mauritania,2017,5035.931643
mauritius,2017,23536.24781
malawi,2017,1439.504186
malaysia,2017,25910.44685
namibia,2017,9987.117622
niger,2017,1206.403432
nigeria,2017,5031.603971
nicaragua,2017,5694.054636
netherlands,2017,55507.09027
norway,2017,66403.54684
nepal,2017,3601.108877
nauru,2017,18174.49788
new zealand,2017,40700.46491
oman,2017,32003.33222
pakistan,2017,4495.95069
panama,2017,28606.48873
peru,2017,11931.12893
philippines,2017,9016.762194
palau,2017,18910.23865
papua new guinea,2017,4201.135296
poland,2017,28817.10086
north korea,2017,28817.10086
portugal,2017,32269.04155
paraguay,2017,12174.12219
"palestine, state of",2017,7246.81197
qatar,2017,91499.86316
romania,2017,26756.30966
russian federation,2017,25233.84257
rwanda,2017,1913.034071
saudi arabia,2017,48041.17305
sudan,2017,4414.899983
senegal,2017,3114.304101
singapore,2017,88088.26615
solomon islands,2017,2610.761701
sierra leone,2017,1594.30889
el salvador,2017,7984.420771
san marino,2017,54725.64938
somalia,2017,1072.750752
serbia,2017,15538.46624
south sudan,2017,888.762
sao tome and principe,2017,3941.369046
suriname,2017,16278.15956
slovakia,2017,29516.49964
slovenia,2017,35849.55565
sweden,2017,52849.39299
eswatini,2017,7844.499338
seychelles,2017,25224.47069
syrian arab republic,2017,5024.754555
chad,2017,1566.261072
togo,2017,2013.813455
thailand,2017,16642.45037
tajikistan,2017,3728.067416
turkmenistan,2017,13615.49576
timor-leste,2017,4500.640588
tonga,2017,6723.664971
trinidad and tobago,2017,26543.37527
tunisia,2017,10906.88715
turkey,2017,27553.33891
tuvalu,2017,5573.284065
tanzania,2017,2472.985897
uganda,2017,2025.816431
ukraine,2017,12032.75473
uruguay,2017,21733.37205
usa,2017,61186.46283
uzbekistan,2017,6974.358065
saint vincent and the grenadines,2017,12188.7601
venezuela,2017,12321.887
viet nam,2017,6611.941253
vanuatu,2017,3089.938709
samoa,2017,6287.673021
yemen,2017,1302.425254
south africa,2017,13475.98821
zambia,2017,3330.552717
zimbabwe,2017,3728.918785
afghanistan,2018,2054.939895
angola,2018,6381.521946
albania,2018,13302.70596
andorra,2018,53483.30663
united arab emirates,2018,67195.09523
argentina,2018,21924.73119
armenia,2018,12933.83405
antigua and barbuda,2018,19857.12506
australia,2018,47487.64407
austria,2018,54587.74445
azerbaijan,2018,13502.96367
burundi,2018,763.4331718
belgium,2018,51249.2268
benin,2018,3128.748762
burkina faso,2018,2050.921164
bangladesh,2018,4642.820099
bulgaria,2018,21585.23735
bahrain,2018,43818.92053
bahamas,2018,34103.97568
bosnia and herzegovina,2018,14303.17629
belarus,2018,18282.24546
belize,2018,6699.038968
bolivia,2018,8443.883853
brazil,2018,14258.48421
barbados,2018,14963.39
brunei,2018,60975.67907
bhutan,2018,10329.65877
botswana,2018,16285.69632
central african republic,2018,1001.711793
canada,2018,48156.0
switzerland,2018,67771.6548
chile,2018,23908.86388
china,2018,15067.74081
ivory coast,2018,4839.893305
cameroon,2018,3642.735667
the democratic republic of the congo,2018,1057.24868
congo,2018,3264.475827
colombia,2018,13941.33097
comoros,2018,3062.31206
cabo verde,2018,6701.611822
costa rica,2018,19562.35999
cuba,2018,8573.741653
cyprus,2018,38543.68022
czechia,2018,37668.16678
germany,2018,54981.27749
djibouti,2018,4981.659056
dominica,2018,12211.41123
denmark,2018,57549.14584
dominican republic,2018,16958.43305
algeria,2018,11344.17458
ecuador,2018,11242.31215
egypt,2018,11079.03334
eritrea,2018,1698.200078
spain,2018,40234.64314
estonia,2018,34552.40442
ethiopia,2018,2093.520321
finland,2018,48369.87096
fiji,2018,12916.60463
france,2018,46162.6579
micronesia,2018,3931.792925
gabon,2018,13359.91549
uk,2018,46225.87833
georgia,2018,13697.40109
ghana,2018,5071.995858
guinea,2018,2409.63997
gambia,2018,2120.010674
guinea-bissau,2018,1830.731741
equatorial guinea,2018,15187.91496
greece,2018,28566.21672
grenada,2018,14975.50952
guatemala,2018,8289.389866
guyana,2018,12575.03496
hong kong,2018,63907.66372
honduras,2018,5248.923663
croatia,2018,27784.40613
haiti,2018,3174.807694
hungary,2018,29638.3262
indonesia,2018,11030.26908
india,2018,6449.18609
ireland,2018,64098.84282
iran,2018,13536.54586
iraq,2018,10465.09393
iceland,2018,56492.26004
israel,2018,39620.10088
italy,2018,42450.93247
jamaica,2018,9365.908524
jordan,2018,9967.349228
japan,2018,43086.85266
kazakhstan,2018,22171.8375
kenya,2018,4273.498235
kyrgyzstan,2018,4978.956446
cambodia,2018,3864.496775
kiribati,2018,4251.548646
saint kitts and nevis,2018,26371.81679
south korea,2018,42115.21132
kuwait,2018,58030.87808
lao,2018,7238.511591
lebanon,2018,15586.30415
liberia,2018,1406.047065
libya,2018,15526.25699
saint lucia,2018,14453.44581
liechtenstein,2018,144933.8638
sri lanka,2018,12509.74227
lesotho,2018,2997.479203
lithuania,2018,33963.01256
luxembourg,2018,81398.52451
latvia,2018,29894.57755
morocco,2018,7301.739349
monaco,2018,7301.739349
moldova,2018,12952.69015
madagascar,2018,1548.073162
maldives,2018,17147.30852
mexico,2018,19385.89225
marshall islands,2018,4852.882347
north macedonia,2018,15457.19391
mali,2018,2217.611028
malta,2018,40070.42113
myanmar,2018,4336.410687
montenegro,2018,20925.34711
mongolia,2018,10960.06887
mozambique,2018,1265.815831
mauritania,2018,5167.404537
mauritius,2018,24767.93351
malawi,2018,1463.544391
malaysia,2018,26720.61992
namibia,2018,9704.240117
niger,2018,1257.082178
nigeria,2018,4928.925873
nicaragua,2018,5452.437413
netherlands,2018,56614.38413
norway,2018,68999.19641
nepal,2018,3798.135482
nauru,2018,16306.188
new zealand,2018,41382.39849
oman,2018,30631.78608
pakistan,2018,4657.880392
panama,2018,28869.22802
peru,2018,12142.66015
philippines,2018,9414.447797
palau,2018,19877.82994
papua new guinea,2018,4082.831293
poland,2018,30369.76617
north korea,2018,30369.76617
portugal,2018,33134.17013
paraguay,2018,12402.40912
"palestine, state of",2018,7389.351884
qatar,2018,89089.21103
romania,2018,27979.14701
russian federation,2018,25977.61212
rwanda,2018,2014.357454
saudi arabia,2018,48123.7529
sudan,2018,4109.613994
senegal,2018,3224.813134
singapore,2018,86502.02095
solomon islands,2018,2663.242801
sierra leone,2018,1528.635626
el salvador,2018,8136.126957
san marino,2018,54128.06922
somalia,2018,1071.89966
serbia,2018,16565.63064
south sudan,2018,845.39
sao tome and principe,2018,3994.124777
suriname,2018,17181.47199
slovakia,2018,30556.82948
slovenia,2018,37411.31252
sweden,2018,53050.91638
eswatini,2018,7913.629038
seychelles,2018,25788.59798
syrian arab republic,2018,5136.014235
chad,2018,1553.131495
togo,2018,2066.946841
thailand,2018,17218.95408
tajikistan,2018,3953.31425
turkmenistan,2018,14804.54893
timor-leste,2018,4393.034285
tonga,2018,6790.395096
trinidad and tobago,2018,25315.95987
tunisia,2018,11027.26702
turkey,2018,28148.5516
tuvalu,2018,6462.950541
tanzania,2018,2555.427577
uganda,2018,2064.075583
ukraine,2018,12455.66945
uruguay,2018,21730.72567
usa,2018,62626.32702
uzbekistan,2018,7303.472178
saint vincent and the grenadines,2018,12618.61184
venezuela,2018,10431.452
viet nam,2018,7097.936558
vanuatu,2018,3200.787431
samoa,2018,6280.573936
yemen,2018,1341.656234
south africa,2018,13491.22179
zambia,2018,3418.096158
zimbabwe,2018,3864.012419
afghanistan,2019,2097.88945
angola,2019,6082.746624
albania,2019,13485.31124
andorra,2019,54465.0474
united arab emirates,2019,68590.90094
argentina,2019,21197.74104
armenia,2019,13847.90825
antigua and barbuda,2019,20600.95888
australia,2019,47312.192
austria,2019,55323.03915
azerbaijan,2019,13838.46183
burundi,2019,753.9089436
belgium,2019,52434.09838
benin,2019,3254.245627
burkina faso,2019,2055.318806
bangladesh,2019,4964.471473
bulgaria,2019,22731.96643
bahrain,2019,42664.29218
bahamas,2019,34676.98987
bosnia and herzegovina,2019,14849.1165
belarus,2019,18702.53072
belize,2019,6676.34074
bolivia,2019,8542.603358
brazil,2019,14367.23924
barbados,2019,14919.56235
brunei,2019,63963.47538
bhutan,2019,10791.66865
botswana,2019,16308.08799
central african republic,2019,1017.123239
canada,2019,48464.81227
switzerland,2019,68432.68312
chile,2019,24077.24668
china,2019,15933.50035
ivory coast,2019,5074.644595
cameroon,2019,3661.937532
the democratic republic of the congo,2019,1064.472827
congo,2019,2974.265175
colombia,2019,14240.59041
comoros,2019,3099.801214
cabo verde,2019,7017.10024
costa rica,2019,19684.85681
cuba,2019,8748.733509
cyprus,2019,39568.03192
czechia,2019,38505.63917
germany,2019,55564.96736
djibouti,2019,4916.643954
dominica,2019,12694.12057
denmark,2019,58650.26154
dominican republic,2019,17572.69314
algeria,2019,11241.86472
ecuador,2019,11034.20422
egypt,2019,11335.87708
eritrea,2019,1740.988576
spain,2019,40725.59088
estonia,2019,35879.58776
ethiopia,2019,2204.805408
finland,2019,48901.80936
fiji,2019,12526.24293
france,2019,46963.19576
micronesia,2019,3937.054173
gabon,2019,13061.89403
uk,2019,47251.76897
georgia,2019,14314.32324
ghana,2019,5307.445765
guinea,2019,2437.027146
gambia,2019,2187.374229
guinea-bissau,2019,1980.343423
equatorial guinea,2019,13447.13572
greece,2019,29102.85675
grenada,2019,14983.78605
guatemala,2019,8494.49306
guyana,2019,13600.32652
hong kong,2019,62717.72811
honduras,2019,5316.509508
croatia,2019,28898.00521
haiti,2019,3083.646932
hungary,2019,31464.44259
indonesia,2019,11453.54855
india,2019,6650.054097
ireland,2019,67253.22253
iran,2019,12401.10769
iraq,2019,10869.49515
iceland,2019,58055.06597
israel,2019,40633.62378
italy,2019,43121.80118
jamaica,2019,9503.655135
jordan,2019,10072.72061
japan,2019,43375.7894
kazakhstan,2019,22786.55302
kenya,2019,4381.487855
kyrgyzstan,2019,4750.777239
cambodia,2019,4123.001845
kiribati,2019,4673.024716
saint kitts and nevis,2019,26727.53894
south korea,2019,43163.03806
kuwait,2019,57254.52971
lao,2019,7518.657148
lebanon,2019,14377.64877
liberia,2019,1338.470653
libya,2019,15687.71125
saint lucia,2019,14380.56973
liechtenstein,2019,146186.9796
sri lanka,2019,12699.55204
lesotho,2019,2959.46875
lithuania,2019,35705.28941
luxembourg,2019,76018.56437
latvia,2019,31058.91587
morocco,2019,7398.11725
monaco,2019,7398.11725
moldova,2019,13704.8965
madagascar,2019,1559.741867
maldives,2019,17710.77696
mexico,2019,19096.57525
marshall islands,2019,4956.337016
north macedonia,2019,15981.25068
mali,2019,2241.781851
malta,2019,40611.11949
myanmar,2019,4582.102317
montenegro,2019,21772.62933
mongolia,2019,11098.9151
mozambique,2019,1257.939477
mauritania,2019,5277.286821
mauritius,2019,25589.34366
malawi,2019,1503.057342
malaysia,2019,27678.64207
namibia,2019,9565.710371
niger,2019,1278.971076
nigeria,2019,4971.470226
nicaragua,2019,5262.435225
netherlands,2019,57039.03195
norway,2019,66481.78169
nepal,2019,3994.226959
nauru,2019,18778.35023
new zealand,2019,42403.52046
oman,2019,29071.04146
pakistan,2019,4603.556579
panama,2019,29342.25437
peru,2019,12303.68873
philippines,2019,9790.637367
palau,2019,18740.42054
papua new guinea,2019,4166.066492
poland,2019,31838.9708
north korea,2019,31838.9708
portugal,2019,34078.58487
paraguay,2019,12241.66584
"palestine, state of",2019,7355.601356
qatar,2019,87791.91612
romania,2019,29442.20491
russian federation,2019,26317.80587
rwanda,2019,2153.695631
saudi arabia,2019,47494.88673
sudan,2019,3909.860336
senegal,2019,3267.668238
singapore,2019,86601.44993
solomon islands,2019,2631.841793
sierra leone,2019,1684.496721
el salvador,2019,8338.88639
san marino,2019,55361.79834
somalia,2019,1071.896076
serbia,2019,17314.26844
south sudan,2019,827.107
sao tome and principe,2019,3991.279901
suriname,2019,17226.5384
slovakia,2019,31112.82476
slovenia,2019,38439.64415
sweden,2019,54222.71686
eswatini,2019,7744.536132
seychelles,2019,26084.29819
syrian arab republic,2019,4914.297286
chad,2019,1555.372994
togo,2019,2128.4148
thailand,2019,17773.65504
tajikistan,2019,4155.953121
turkmenistan,2019,13227.7665
timor-leste,2019,4865.012069
tonga,2019,6903.445994
trinidad and tobago,2019,25722.49253
tunisia,2019,10910.37099
turkey,2019,27984.86307
tuvalu,2019,5693.627717
tanzania,2019,2693.535151
uganda,2019,2124.933537
ukraine,2019,12964.43614
uruguay,2019,21916.76822
usa,2019,63614.86366
uzbekistan,2019,7499.478344
saint vincent and the grenadines,2019,12269.13362
venezuela,2019,7045.248
viet nam,2019,7529.942469
vanuatu,2019,3417.730001
samoa,2019,6356.98869
yemen,2019,1349.567046
south africa,2019,13366.47464
zambia,2019,3365.410652
zimbabwe,2019,3674.564482
